Name,USAF,NCDC,Date,HrMn,I,Type,QCP,Pr,Amt,I,Q,Pr,Amt,I,Q,Pr,Amt,I,Q,Pr,Amt,I,Q 
HALF MOON BAY AIRPORT         ,720646,228,20170102,635,7,FM-15,    ,1,0.3,9,5,99,999.9,9,9,99,999.9,9,9,99,999.9,9,9
HALF MOON BAY AIRPORT         ,720646,228,20170102,655,7,FM-15,    ,1,0.3,9,5,99,999.9,9,9,99,999.9,9,9,99,999.9,9,9
HALF MOON BAY AIRPORT         ,720646,228,20170102,1215,7,FM-15,    ,1,0.8,9,5,99,999.9,9,9,99,999.9,9,9,99,999.9,9,9
HALF MOON BAY AIRPORT         ,720646,228,20170102,1235,7,FM-15,    ,1,0.8,9,5,99,999.9,9,9,99,999.9,9,9,99,999.9,9,9
HALF MOON BAY AIRPORT         ,720646,228,20170102,1255,7,FM-15,    ,1,0.8,9,5,99,999.9,9,9,99,999.9,9,9,99,999.9,9,9
HALF MOON BAY AIRPORT         ,720646,228,20170102,1655,7,FM-15,    ,1,0.8,9,5,99,999.9,9,9,99,999.9,9,9,99,999.9,9,9
HALF MOON BAY AIRPORT         ,720646,228,20170103,555,7,FM-15,    ,1,0.3,9,5,99,999.9,9,9,99,999.9,9,9,99,999.9,9,9
HALF MOON BAY AIRPORT         ,720646,228,20170103,635,7,FM-15,    ,1,0.8,9,5,99,999.9,9,9,99,999.9,9,9,99,999.9,9,9
HALF MOON BAY AIRPORT         ,720646,228,20170103,655,7,FM-15,    ,1,1,9,5,99,999.9,9,9,99,999.9,9,9,99,999.9,9,9
HALF MOON BAY AIRPORT         ,720646,228,20170103,735,7,FM-15,    ,1,0.3,9,5,99,999.9,9,9,99,999.9,9,9,99,999.9,9,9
HALF MOON BAY AIRPORT         ,720646,228,20170103,755,7,FM-15,    ,1,0.5,9,5,99,999.9,9,9,99,999.9,9,9,99,999.9,9,9
HALF MOON BAY AIRPORT         ,720646,228,20170103,1115,7,FM-15,    ,1,0.3,9,5,99,999.9,9,9,99,999.9,9,9,99,999.9,9,9
HALF MOON BAY AIRPORT         ,720646,228,20170103,1135,7,FM-15,    ,1,0.3,9,5,99,999.9,9,9,99,999.9,9,9,99,999.9,9,9
HALF MOON BAY AIRPORT         ,720646,228,20170103,1155,7,FM-15,    ,1,0.3,9,5,99,999.9,9,9,99,999.9,9,9,99,999.9,9,9
HALF MOON BAY AIRPORT         ,720646,228,20170103,1235,7,FM-15,    ,1,0.3,9,5,99,999.9,9,9,99,999.9,9,9,99,999.9,9,9
HALF MOON BAY AIRPORT         ,720646,228,20170103,1255,7,FM-15,    ,1,0.5,9,5,99,999.9,9,9,99,999.9,9,9,99,999.9,9,9
HALF MOON BAY AIRPORT         ,720646,228,20170103,1435,7,FM-15,    ,1,0.3,9,5,99,999.9,9,9,99,999.9,9,9,99,999.9,9,9
HALF MOON BAY AIRPORT         ,720646,228,20170103,1455,7,FM-15,    ,1,0.3,9,5,99,999.9,9,9,99,999.9,9,9,99,999.9,9,9
HALF MOON BAY AIRPORT         ,720646,228,20170103,1515,7,FM-15,    ,1,0.3,9,5,99,999.9,9,9,99,999.9,9,9,99,999.9,9,9
HALF MOON BAY AIRPORT         ,720646,228,20170103,1535,7,FM-15,    ,1,0.3,9,5,99,999.9,9,9,99,999.9,9,9,99,999.9,9,9
HALF MOON BAY AIRPORT         ,720646,228,20170103,1555,7,FM-15,    ,1,0.3,9,5,99,999.9,9,9,99,999.9,9,9,99,999.9,9,9
HALF MOON BAY AIRPORT         ,720646,228,20170103,1915,7,FM-15,    ,1,0.3,9,5,99,999.9,9,9,99,999.9,9,9,99,999.9,9,9
HALF MOON BAY AIRPORT         ,720646,228,20170103,1935,7,FM-15,    ,1,0.5,9,5,99,999.9,9,9,99,999.9,9,9,99,999.9,9,9
HALF MOON BAY AIRPORT         ,720646,228,20170103,1955,7,FM-15,    ,1,1,9,5,99,999.9,9,9,99,999.9,9,9,99,999.9,9,9
HALF MOON BAY AIRPORT         ,720646,228,20170103,2015,7,FM-15,    ,1,0.5,9,5,99,999.9,9,9,99,999.9,9,9,99,999.9,9,9
HALF MOON BAY AIRPORT         ,720646,228,20170103,2035,7,FM-15,    ,1,0.5,9,5,99,999.9,9,9,99,999.9,9,9,99,999.9,9,9
HALF MOON BAY AIRPORT         ,720646,228,20170103,2055,7,FM-15,    ,1,0.8,9,5,99,999.9,9,9,99,999.9,9,9,99,999.9,9,9
HALF MOON BAY AIRPORT         ,720646,228,20170103,2215,7,FM-15,    ,1,0.3,9,5,99,999.9,9,9,99,999.9,9,9,99,999.9,9,9
HALF MOON BAY AIRPORT         ,720646,228,20170103,2235,7,FM-15,    ,1,0.3,9,5,99,999.9,9,9,99,999.9,9,9,99,999.9,9,9
HALF MOON BAY AIRPORT         ,720646,228,20170103,2255,7,FM-15,    ,1,0.8,9,5,99,999.9,9,9,99,999.9,9,9,99,999.9,9,9
HALF MOON BAY AIRPORT         ,720646,228,20170103,2315,7,FM-15,    ,1,0.3,9,5,99,999.9,9,9,99,999.9,9,9,99,999.9,9,9
HALF MOON BAY AIRPORT         ,720646,228,20170103,2335,7,FM-15,    ,1,1.5,9,5,99,999.9,9,9,99,999.9,9,9,99,999.9,9,9
HALF MOON BAY AIRPORT         ,720646,228,20170103,2355,7,FM-15,    ,1,2.8,9,5,99,999.9,9,9,99,999.9,9,9,99,999.9,9,9
HALF MOON BAY AIRPORT         ,720646,228,20170104,15,7,FM-15,    ,1,0.8,9,5,99,999.9,9,9,99,999.9,9,9,99,999.9,9,9
HALF MOON BAY AIRPORT         ,720646,228,20170104,35,7,FM-15,    ,1,1.5,9,5,99,999.9,9,9,99,999.9,9,9,99,999.9,9,9
HALF MOON BAY AIRPORT         ,720646,228,20170104,55,7,FM-15,    ,1,2.5,9,5,99,999.9,9,9,99,999.9,9,9,99,999.9,9,9
HALF MOON BAY AIRPORT         ,720646,228,20170104,115,7,FM-15,    ,1,0.8,9,5,99,999.9,9,9,99,999.9,9,9,99,999.9,9,9
HALF MOON BAY AIRPORT         ,720646,228,20170104,135,7,FM-15,    ,1,1.3,9,5,99,999.9,9,9,99,999.9,9,9,99,999.9,9,9
HALF MOON BAY AIRPORT         ,720646,228,20170104,155,7,FM-15,    ,1,1.8,9,5,99,999.9,9,9,99,999.9,9,9,99,999.9,9,9
HALF MOON BAY AIRPORT         ,720646,228,20170104,215,7,FM-15,    ,1,0.5,9,5,99,999.9,9,9,99,999.9,9,9,99,999.9,9,9
HALF MOON BAY AIRPORT         ,720646,228,20170104,235,7,FM-15,    ,1,0.5,9,5,99,999.9,9,9,99,999.9,9,9,99,999.9,9,9
HALF MOON BAY AIRPORT         ,720646,228,20170104,255,7,FM-15,    ,1,0.8,9,5,99,999.9,9,9,99,999.9,9,9,99,999.9,9,9
HALF MOON BAY AIRPORT         ,720646,228,20170104,315,7,FM-15,    ,1,0.5,9,5,99,999.9,9,9,99,999.9,9,9,99,999.9,9,9
HALF MOON BAY AIRPORT         ,720646,228,20170104,335,7,FM-15,    ,1,1,9,5,99,999.9,9,9,99,999.9,9,9,99,999.9,9,9
HALF MOON BAY AIRPORT         ,720646,228,20170104,355,7,FM-15,    ,1,1,9,5,99,999.9,9,9,99,999.9,9,9,99,999.9,9,9
HALF MOON BAY AIRPORT         ,720646,228,20170104,415,7,FM-15,    ,1,0.3,9,5,99,999.9,9,9,99,999.9,9,9,99,999.9,9,9
HALF MOON BAY AIRPORT         ,720646,228,20170104,435,7,FM-15,    ,1,0.5,9,5,99,999.9,9,9,99,999.9,9,9,99,999.9,9,9
HALF MOON BAY AIRPORT         ,720646,228,20170104,455,7,FM-15,    ,1,0.5,9,5,99,999.9,9,9,99,999.9,9,9,99,999.9,9,9
HALF MOON BAY AIRPORT         ,720646,228,20170104,535,7,FM-15,    ,1,0.3,9,5,99,999.9,9,9,99,999.9,9,9,99,999.9,9,9
HALF MOON BAY AIRPORT         ,720646,228,20170104,555,7,FM-15,    ,1,0.5,9,5,99,999.9,9,9,99,999.9,9,9,99,999.9,9,9
HALF MOON BAY AIRPORT         ,720646,228,20170104,615,7,FM-15,    ,1,0.3,9,5,99,999.9,9,9,99,999.9,9,9,99,999.9,9,9
HALF MOON BAY AIRPORT         ,720646,228,20170104,635,7,FM-15,    ,1,0.5,9,5,99,999.9,9,9,99,999.9,9,9,99,999.9,9,9
HALF MOON BAY AIRPORT         ,720646,228,20170104,655,7,FM-15,    ,1,0.5,9,5,99,999.9,9,9,99,999.9,9,9,99,999.9,9,9
HALF MOON BAY AIRPORT         ,720646,228,20170104,715,7,FM-15,    ,1,0.5,9,5,99,999.9,9,9,99,999.9,9,9,99,999.9,9,9
HALF MOON BAY AIRPORT         ,720646,228,20170104,735,7,FM-15,    ,1,1,9,5,99,999.9,9,9,99,999.9,9,9,99,999.9,9,9
HALF MOON BAY AIRPORT         ,720646,228,20170104,755,7,FM-15,    ,1,1.3,9,5,99,999.9,9,9,99,999.9,9,9,99,999.9,9,9
HALF MOON BAY AIRPORT         ,720646,228,20170104,815,7,FM-15,    ,1,0.2,3,1,99,999.9,9,9,99,999.9,9,9,99,999.9,9,9
HALF MOON BAY AIRPORT         ,720646,228,20170104,835,7,FM-15,    ,1,0.3,9,5,99,999.9,9,9,99,999.9,9,9,99,999.9,9,9
HALF MOON BAY AIRPORT         ,720646,228,20170104,855,7,FM-15,    ,1,0.5,9,5,99,999.9,9,9,99,999.9,9,9,99,999.9,9,9
HALF MOON BAY AIRPORT         ,720646,228,20170104,935,7,FM-15,    ,1,0.3,9,5,99,999.9,9,9,99,999.9,9,9,99,999.9,9,9
HALF MOON BAY AIRPORT         ,720646,228,20170104,955,7,FM-15,    ,1,0.8,9,5,99,999.9,9,9,99,999.9,9,9,99,999.9,9,9
HALF MOON BAY AIRPORT         ,720646,228,20170104,1155,7,FM-15,    ,1,1.5,9,5,99,999.9,9,9,99,999.9,9,9,99,999.9,9,9
HALF MOON BAY AIRPORT         ,720646,228,20170104,1215,7,FM-15,    ,1,0.3,9,5,99,999.9,9,9,99,999.9,9,9,99,999.9,9,9
HALF MOON BAY AIRPORT         ,720646,228,20170104,1235,7,FM-15,    ,1,0.5,9,5,99,999.9,9,9,99,999.9,9,9,99,999.9,9,9
HALF MOON BAY AIRPORT         ,720646,228,20170104,1255,7,FM-15,    ,1,0.5,9,5,99,999.9,9,9,99,999.9,9,9,99,999.9,9,9
HALF MOON BAY AIRPORT         ,720646,228,20170104,1355,7,FM-15,    ,1,0.3,9,5,99,999.9,9,9,99,999.9,9,9,99,999.9,9,9
HALF MOON BAY AIRPORT         ,720646,228,20170104,1415,7,FM-15,    ,1,0.3,9,5,99,999.9,9,9,99,999.9,9,9,99,999.9,9,9
HALF MOON BAY AIRPORT         ,720646,228,20170104,1435,7,FM-15,    ,1,0.5,9,5,99,999.9,9,9,99,999.9,9,9,99,999.9,9,9
HALF MOON BAY AIRPORT         ,720646,228,20170104,1455,7,FM-15,    ,1,0.5,9,5,99,999.9,9,9,99,999.9,9,9,99,999.9,9,9
HALF MOON BAY AIRPORT         ,720646,228,20170105,35,7,FM-15,    ,1,0.3,9,5,99,999.9,9,9,99,999.9,9,9,99,999.9,9,9
HALF MOON BAY AIRPORT         ,720646,228,20170105,55,7,FM-15,    ,1,0.3,9,5,99,999.9,9,9,99,999.9,9,9,99,999.9,9,9
HALF MOON BAY AIRPORT         ,720646,228,20170105,235,7,FM-15,    ,1,0.3,9,5,99,999.9,9,9,99,999.9,9,9,99,999.9,9,9
HALF MOON BAY AIRPORT         ,720646,228,20170105,255,7,FM-15,    ,1,0.5,9,5,99,999.9,9,9,99,999.9,9,9,99,999.9,9,9
HALF MOON BAY AIRPORT         ,720646,228,20170105,315,7,FM-15,    ,1,0.3,9,5,99,999.9,9,9,99,999.9,9,9,99,999.9,9,9
HALF MOON BAY AIRPORT         ,720646,228,20170105,335,7,FM-15,    ,1,0.8,9,5,99,999.9,9,9,99,999.9,9,9,99,999.9,9,9
HALF MOON BAY AIRPORT         ,720646,228,20170105,355,7,FM-15,    ,1,1.3,9,5,99,999.9,9,9,99,999.9,9,9,99,999.9,9,9
HALF MOON BAY AIRPORT         ,720646,228,20170105,415,7,FM-15,    ,1,0.3,9,5,99,999.9,9,9,99,999.9,9,9,99,999.9,9,9
HALF MOON BAY AIRPORT         ,720646,228,20170105,435,7,FM-15,    ,1,0.3,9,5,99,999.9,9,9,99,999.9,9,9,99,999.9,9,9
HALF MOON BAY AIRPORT         ,720646,228,20170105,455,7,FM-15,    ,1,0.3,9,5,99,999.9,9,9,99,999.9,9,9,99,999.9,9,9
HALF MOON BAY AIRPORT         ,720646,228,20170105,535,7,FM-15,    ,1,0.3,9,5,99,999.9,9,9,99,999.9,9,9,99,999.9,9,9
HALF MOON BAY AIRPORT         ,720646,228,20170105,555,7,FM-15,    ,1,0.3,9,5,99,999.9,9,9,99,999.9,9,9,99,999.9,9,9
HALF MOON BAY AIRPORT         ,720646,228,20170105,635,7,FM-15,    ,1,0.3,9,5,99,999.9,9,9,99,999.9,9,9,99,999.9,9,9
HALF MOON BAY AIRPORT         ,720646,228,20170105,655,7,FM-15,    ,1,0.5,9,5,99,999.9,9,9,99,999.9,9,9,99,999.9,9,9
HALF MOON BAY AIRPORT         ,720646,228,20170107,1015,7,FM-15,    ,1,0.5,9,5,99,999.9,9,9,99,999.9,9,9,99,999.9,9,9
HALF MOON BAY AIRPORT         ,720646,228,20170107,1035,7,FM-15,    ,1,0.8,9,5,99,999.9,9,9,99,999.9,9,9,99,999.9,9,9
HALF MOON BAY AIRPORT         ,720646,228,20170107,1055,7,FM-15,    ,1,1,9,5,99,999.9,9,9,99,999.9,9,9,99,999.9,9,9
HALF MOON BAY AIRPORT         ,720646,228,20170107,1135,7,FM-15,    ,1,0.3,9,5,99,999.9,9,9,99,999.9,9,9,99,999.9,9,9
HALF MOON BAY AIRPORT         ,720646,228,20170107,1155,7,FM-15,    ,1,1.3,9,5,99,999.9,9,9,99,999.9,9,9,99,999.9,9,9
HALF MOON BAY AIRPORT         ,720646,228,20170107,1215,7,FM-15,    ,1,0.3,9,5,99,999.9,9,9,99,999.9,9,9,99,999.9,9,9
HALF MOON BAY AIRPORT         ,720646,228,20170107,1235,7,FM-15,    ,1,0.5,9,5,99,999.9,9,9,99,999.9,9,9,99,999.9,9,9
HALF MOON BAY AIRPORT         ,720646,228,20170107,1255,7,FM-15,    ,1,0.5,9,5,99,999.9,9,9,99,999.9,9,9,99,999.9,9,9
HALF MOON BAY AIRPORT         ,720646,228,20170107,1315,7,FM-15,    ,1,0.3,9,5,99,999.9,9,9,99,999.9,9,9,99,999.9,9,9
HALF MOON BAY AIRPORT         ,720646,228,20170107,1335,7,FM-15,    ,1,0.3,9,5,99,999.9,9,9,99,999.9,9,9,99,999.9,9,9
HALF MOON BAY AIRPORT         ,720646,228,20170107,1355,7,FM-15,    ,1,0.3,9,5,99,999.9,9,9,99,999.9,9,9,99,999.9,9,9
HALF MOON BAY AIRPORT         ,720646,228,20170107,1455,7,FM-15,    ,1,0.3,9,5,99,999.9,9,9,99,999.9,9,9,99,999.9,9,9
HALF MOON BAY AIRPORT         ,720646,228,20170107,1515,7,FM-15,    ,1,0.3,9,5,99,999.9,9,9,99,999.9,9,9,99,999.9,9,9
HALF MOON BAY AIRPORT         ,720646,228,20170107,1535,7,FM-15,    ,1,0.3,9,5,99,999.9,9,9,99,999.9,9,9,99,999.9,9,9
HALF MOON BAY AIRPORT         ,720646,228,20170107,1555,7,FM-15,    ,1,0.3,9,5,99,999.9,9,9,99,999.9,9,9,99,999.9,9,9
HALF MOON BAY AIRPORT         ,720646,228,20170107,1635,7,FM-15,    ,1,0.3,9,5,99,999.9,9,9,99,999.9,9,9,99,999.9,9,9
HALF MOON BAY AIRPORT         ,720646,228,20170107,1655,7,FM-15,    ,1,0.3,9,5,99,999.9,9,9,99,999.9,9,9,99,999.9,9,9
HALF MOON BAY AIRPORT         ,720646,228,20170107,1935,7,FM-15,    ,1,0.3,9,5,99,999.9,9,9,99,999.9,9,9,99,999.9,9,9
HALF MOON BAY AIRPORT         ,720646,228,20170107,1955,7,FM-15,    ,1,0.3,9,5,99,999.9,9,9,99,999.9,9,9,99,999.9,9,9
HALF MOON BAY AIRPORT         ,720646,228,20170108,415,7,FM-15,    ,1,0.5,9,5,99,999.9,9,9,99,999.9,9,9,99,999.9,9,9
HALF MOON BAY AIRPORT         ,720646,228,20170108,435,7,FM-15,    ,1,1,9,5,99,999.9,9,9,99,999.9,9,9,99,999.9,9,9
HALF MOON BAY AIRPORT         ,720646,228,20170108,455,7,FM-15,    ,1,1.8,9,5,99,999.9,9,9,99,999.9,9,9,99,999.9,9,9
HALF MOON BAY AIRPORT         ,720646,228,20170108,515,7,FM-15,    ,1,0.5,9,5,99,999.9,9,9,99,999.9,9,9,99,999.9,9,9
HALF MOON BAY AIRPORT         ,720646,228,20170108,535,7,FM-15,    ,1,1,9,5,99,999.9,9,9,99,999.9,9,9,99,999.9,9,9
HALF MOON BAY AIRPORT         ,720646,228,20170108,555,7,FM-15,    ,1,1.3,9,5,99,999.9,9,9,99,999.9,9,9,99,999.9,9,9
HALF MOON BAY AIRPORT         ,720646,228,20170108,615,7,FM-15,    ,1,0.3,9,5,99,999.9,9,9,99,999.9,9,9,99,999.9,9,9
HALF MOON BAY AIRPORT         ,720646,228,20170108,635,7,FM-15,    ,1,0.5,9,5,99,999.9,9,9,99,999.9,9,9,99,999.9,9,9
HALF MOON BAY AIRPORT         ,720646,228,20170108,655,7,FM-15,    ,1,1.3,9,5,99,999.9,9,9,99,999.9,9,9,99,999.9,9,9
HALF MOON BAY AIRPORT         ,720646,228,20170108,715,7,FM-15,    ,1,0.5,9,5,99,999.9,9,9,99,999.9,9,9,99,999.9,9,9
HALF MOON BAY AIRPORT         ,720646,228,20170108,735,7,FM-15,    ,1,1.5,9,5,99,999.9,9,9,99,999.9,9,9,99,999.9,9,9
HALF MOON BAY AIRPORT         ,720646,228,20170108,755,7,FM-15,    ,1,2.3,9,5,99,999.9,9,9,99,999.9,9,9,99,999.9,9,9
HALF MOON BAY AIRPORT         ,720646,228,20170108,815,7,FM-15,    ,1,0.5,3,1,99,999.9,9,9,99,999.9,9,9,99,999.9,9,9
HALF MOON BAY AIRPORT         ,720646,228,20170108,835,7,FM-15,    ,1,1.3,9,5,99,999.9,9,9,99,999.9,9,9,99,999.9,9,9
HALF MOON BAY AIRPORT         ,720646,228,20170108,855,7,FM-15,    ,1,2,9,5,99,999.9,9,9,99,999.9,9,9,99,999.9,9,9
HALF MOON BAY AIRPORT         ,720646,228,20170108,915,7,FM-15,    ,1,0.5,9,5,99,999.9,9,9,99,999.9,9,9,99,999.9,9,9
HALF MOON BAY AIRPORT         ,720646,228,20170108,935,7,FM-15,    ,1,1,9,5,99,999.9,9,9,99,999.9,9,9,99,999.9,9,9
HALF MOON BAY AIRPORT         ,720646,228,20170108,955,7,FM-15,    ,1,1.3,9,5,99,999.9,9,9,99,999.9,9,9,99,999.9,9,9
HALF MOON BAY AIRPORT         ,720646,228,20170108,1035,7,FM-15,    ,1,0.3,9,5,99,999.9,9,9,99,999.9,9,9,99,999.9,9,9
HALF MOON BAY AIRPORT         ,720646,228,20170108,1055,7,FM-15,    ,1,1.5,9,5,99,999.9,9,9,99,999.9,9,9,99,999.9,9,9
HALF MOON BAY AIRPORT         ,720646,228,20170108,1235,7,FM-15,    ,1,0.3,9,5,99,999.9,9,9,99,999.9,9,9,99,999.9,9,9
HALF MOON BAY AIRPORT         ,720646,228,20170108,1255,7,FM-15,    ,1,0.3,9,5,99,999.9,9,9,99,999.9,9,9,99,999.9,9,9
HALF MOON BAY AIRPORT         ,720646,228,20170108,1335,7,FM-15,    ,1,0.3,9,5,99,999.9,9,9,99,999.9,9,9,99,999.9,9,9
HALF MOON BAY AIRPORT         ,720646,228,20170108,1355,7,FM-15,    ,1,1.5,9,5,99,999.9,9,9,99,999.9,9,9,99,999.9,9,9
HALF MOON BAY AIRPORT         ,720646,228,20170108,1415,7,FM-15,    ,1,2.3,9,5,99,999.9,9,9,99,999.9,9,9,99,999.9,9,9
HALF MOON BAY AIRPORT         ,720646,228,20170108,1435,7,FM-15,    ,1,3.8,9,5,99,999.9,9,9,99,999.9,9,9,99,999.9,9,9
HALF MOON BAY AIRPORT         ,720646,228,20170108,1455,7,FM-15,    ,1,4.1,9,5,99,999.9,9,9,99,999.9,9,9,99,999.9,9,9
HALF MOON BAY AIRPORT         ,720646,228,20170108,1515,7,FM-15,    ,1,0.3,9,5,99,999.9,9,9,99,999.9,9,9,99,999.9,9,9
HALF MOON BAY AIRPORT         ,720646,228,20170108,1535,7,FM-15,    ,1,1,9,5,99,999.9,9,9,99,999.9,9,9,99,999.9,9,9
HALF MOON BAY AIRPORT         ,720646,228,20170108,1555,7,FM-15,    ,1,1.8,9,5,99,999.9,9,9,99,999.9,9,9,99,999.9,9,9
HALF MOON BAY AIRPORT         ,720646,228,20170108,1635,7,FM-15,    ,1,0.8,9,5,99,999.9,9,9,99,999.9,9,9,99,999.9,9,9
HALF MOON BAY AIRPORT         ,720646,228,20170108,1655,7,FM-15,    ,1,1.3,9,5,99,999.9,9,9,99,999.9,9,9,99,999.9,9,9
HALF MOON BAY AIRPORT         ,720646,228,20170108,1755,7,FM-15,    ,1,1.3,9,5,99,999.9,9,9,99,999.9,9,9,99,999.9,9,9
HALF MOON BAY AIRPORT         ,720646,228,20170108,1810,7,FM-15,    ,1,0.3,9,5,99,999.9,9,9,99,999.9,9,9,99,999.9,9,9
HALF MOON BAY AIRPORT         ,720646,228,20170110,2055,7,FM-15,    ,1,0.3,9,5,99,999.9,9,9,99,999.9,9,9,99,999.9,9,9
HALF MOON BAY AIRPORT         ,720646,228,20170110,2115,7,FM-15,    ,1,1,9,5,99,999.9,9,9,99,999.9,9,9,99,999.9,9,9
HALF MOON BAY AIRPORT         ,720646,228,20170110,2135,7,FM-15,    ,1,2,9,5,99,999.9,9,9,99,999.9,9,9,99,999.9,9,9
HALF MOON BAY AIRPORT         ,720646,228,20170110,2155,7,FM-15,    ,1,2.8,9,5,99,999.9,9,9,99,999.9,9,9,99,999.9,9,9
HALF MOON BAY AIRPORT         ,720646,228,20170110,2215,7,FM-15,    ,1,0.8,9,5,99,999.9,9,9,99,999.9,9,9,99,999.9,9,9
HALF MOON BAY AIRPORT         ,720646,228,20170110,2235,7,FM-15,    ,1,1.5,9,5,99,999.9,9,9,99,999.9,9,9,99,999.9,9,9
HALF MOON BAY AIRPORT         ,720646,228,20170110,2255,7,FM-15,    ,1,2,9,5,99,999.9,9,9,99,999.9,9,9,99,999.9,9,9
HALF MOON BAY AIRPORT         ,720646,228,20170110,2355,7,FM-15,    ,1,0.3,9,5,99,999.9,9,9,99,999.9,9,9,99,999.9,9,9
HALF MOON BAY AIRPORT         ,720646,228,20170111,115,7,FM-15,    ,1,0.3,9,5,99,999.9,9,9,99,999.9,9,9,99,999.9,9,9
HALF MOON BAY AIRPORT         ,720646,228,20170111,135,7,FM-15,    ,1,0.8,9,5,99,999.9,9,9,99,999.9,9,9,99,999.9,9,9
HALF MOON BAY AIRPORT         ,720646,228,20170111,155,7,FM-15,    ,1,0.8,9,5,99,999.9,9,9,99,999.9,9,9,99,999.9,9,9
HALF MOON BAY AIRPORT         ,720646,228,20170111,215,7,FM-15,    ,1,0.3,9,5,99,999.9,9,9,99,999.9,9,9,99,999.9,9,9
HALF MOON BAY AIRPORT         ,720646,228,20170111,235,7,FM-15,    ,1,2,9,5,99,999.9,9,9,99,999.9,9,9,99,999.9,9,9
HALF MOON BAY AIRPORT         ,720646,228,20170111,255,7,FM-15,    ,1,3.8,9,5,99,999.9,9,9,99,999.9,9,9,99,999.9,9,9
HALF MOON BAY AIRPORT         ,720646,228,20170111,315,7,FM-15,    ,1,1.8,9,5,99,999.9,9,9,99,999.9,9,9,99,999.9,9,9
HALF MOON BAY AIRPORT         ,720646,228,20170111,335,7,FM-15,    ,1,2,9,5,99,999.9,9,9,99,999.9,9,9,99,999.9,9,9
HALF MOON BAY AIRPORT         ,720646,228,20170111,355,7,FM-15,    ,1,2.3,9,5,99,999.9,9,9,99,999.9,9,9,99,999.9,9,9
HALF MOON BAY AIRPORT         ,720646,228,20170111,415,7,FM-15,    ,1,0.3,9,5,99,999.9,9,9,99,999.9,9,9,99,999.9,9,9
HALF MOON BAY AIRPORT         ,720646,228,20170111,435,7,FM-15,    ,1,0.3,9,5,99,999.9,9,9,99,999.9,9,9,99,999.9,9,9
HALF MOON BAY AIRPORT         ,720646,228,20170111,455,7,FM-15,    ,1,0.3,9,5,99,999.9,9,9,99,999.9,9,9,99,999.9,9,9
HALF MOON BAY AIRPORT         ,720646,228,20170111,1255,7,FM-15,    ,1,0.3,9,5,99,999.9,9,9,99,999.9,9,9,99,999.9,9,9
HALF MOON BAY AIRPORT         ,720646,228,20170111,1335,7,FM-15,    ,1,0.3,9,5,99,999.9,9,9,99,999.9,9,9,99,999.9,9,9
HALF MOON BAY AIRPORT         ,720646,228,20170111,1355,7,FM-15,    ,1,1.8,9,5,99,999.9,9,9,99,999.9,9,9,99,999.9,9,9
HALF MOON BAY AIRPORT         ,720646,228,20170111,1715,7,FM-15,    ,1,0.3,9,5,99,999.9,9,9,99,999.9,9,9,99,999.9,9,9
HALF MOON BAY AIRPORT         ,720646,228,20170111,1735,7,FM-15,    ,1,0.3,9,5,99,999.9,9,9,99,999.9,9,9,99,999.9,9,9
HALF MOON BAY AIRPORT         ,720646,228,20170111,1755,7,FM-15,    ,1,0.3,9,5,99,999.9,9,9,99,999.9,9,9,99,999.9,9,9
HALF MOON BAY AIRPORT         ,720646,228,20170112,935,7,FM-15,    ,1,1,9,5,99,999.9,9,9,99,999.9,9,9,99,999.9,9,9
HALF MOON BAY AIRPORT         ,720646,228,20170112,955,7,FM-15,    ,1,2,9,5,99,999.9,9,9,99,999.9,9,9,99,999.9,9,9
HALF MOON BAY AIRPORT         ,720646,228,20170112,1015,7,FM-15,    ,1,0.5,9,5,99,999.9,9,9,99,999.9,9,9,99,999.9,9,9
HALF MOON BAY AIRPORT         ,720646,228,20170112,1035,7,FM-15,    ,1,0.8,9,5,99,999.9,9,9,99,999.9,9,9,99,999.9,9,9
HALF MOON BAY AIRPORT         ,720646,228,20170112,1055,7,FM-15,    ,1,1.3,9,5,99,999.9,9,9,99,999.9,9,9,99,999.9,9,9
HALF MOON BAY AIRPORT         ,720646,228,20170112,1135,7,FM-15,    ,1,0.3,9,5,99,999.9,9,9,99,999.9,9,9,99,999.9,9,9
HALF MOON BAY AIRPORT         ,720646,228,20170112,1155,7,FM-15,    ,1,0.5,9,5,99,999.9,9,9,99,999.9,9,9,99,999.9,9,9
HALF MOON BAY AIRPORT         ,720646,228,20170112,1215,7,FM-15,    ,1,0.3,9,5,99,999.9,9,9,99,999.9,9,9,99,999.9,9,9
HALF MOON BAY AIRPORT         ,720646,228,20170112,1235,7,FM-15,    ,1,0.3,9,5,99,999.9,9,9,99,999.9,9,9,99,999.9,9,9
HALF MOON BAY AIRPORT         ,720646,228,20170112,1255,7,FM-15,    ,1,0.3,9,5,99,999.9,9,9,99,999.9,9,9,99,999.9,9,9
HALF MOON BAY AIRPORT         ,720646,228,20170112,1355,7,FM-15,    ,1,0.3,9,5,99,999.9,9,9,99,999.9,9,9,99,999.9,9,9
HALF MOON BAY AIRPORT         ,720646,228,20170118,1155,7,FM-15,    ,1,0.3,9,5,99,999.9,9,9,99,999.9,9,9,99,999.9,9,9
HALF MOON BAY AIRPORT         ,720646,228,20170118,1235,7,FM-15,    ,1,0.3,9,5,99,999.9,9,9,99,999.9,9,9,99,999.9,9,9
HALF MOON BAY AIRPORT         ,720646,228,20170118,1255,7,FM-15,    ,1,0.5,9,5,99,999.9,9,9,99,999.9,9,9,99,999.9,9,9
HALF MOON BAY AIRPORT         ,720646,228,20170118,1735,7,FM-15,    ,1,0.3,9,5,99,999.9,9,9,99,999.9,9,9,99,999.9,9,9
HALF MOON BAY AIRPORT         ,720646,228,20170118,1755,7,FM-15,    ,1,0.5,9,5,99,999.9,9,9,99,999.9,9,9,99,999.9,9,9
HALF MOON BAY AIRPORT         ,720646,228,20170118,1815,7,FM-15,    ,1,0.3,9,5,99,999.9,9,9,99,999.9,9,9,99,999.9,9,9
HALF MOON BAY AIRPORT         ,720646,228,20170118,1835,7,FM-15,    ,1,0.5,9,5,99,999.9,9,9,99,999.9,9,9,99,999.9,9,9
HALF MOON BAY AIRPORT         ,720646,228,20170118,1855,6,FM-15,    ,1,0.5,9,5,99,999.9,9,9,99,999.9,9,9,99,999.9,9,9
HALF MOON BAY AIRPORT         ,720646,228,20170118,1955,7,FM-15,    ,1,0.5,9,5,99,999.9,9,9,99,999.9,9,9,99,999.9,9,9
HALF MOON BAY AIRPORT         ,720646,228,20170118,2015,7,FM-15,    ,1,0.5,9,5,99,999.9,9,9,99,999.9,9,9,99,999.9,9,9
HALF MOON BAY AIRPORT         ,720646,228,20170118,2035,7,FM-15,    ,1,1,9,5,99,999.9,9,9,99,999.9,9,9,99,999.9,9,9
HALF MOON BAY AIRPORT         ,720646,228,20170118,2055,7,FM-15,    ,1,2,9,5,99,999.9,9,9,99,999.9,9,9,99,999.9,9,9
HALF MOON BAY AIRPORT         ,720646,228,20170118,2115,7,FM-15,    ,1,0.5,9,5,99,999.9,9,9,99,999.9,9,9,99,999.9,9,9
HALF MOON BAY AIRPORT         ,720646,228,20170118,2135,7,FM-15,    ,1,0.8,9,5,99,999.9,9,9,99,999.9,9,9,99,999.9,9,9
HALF MOON BAY AIRPORT         ,720646,228,20170118,2155,7,FM-15,    ,1,1,9,5,99,999.9,9,9,99,999.9,9,9,99,999.9,9,9
HALF MOON BAY AIRPORT         ,720646,228,20170118,2215,7,FM-15,    ,1,0.3,9,5,99,999.9,9,9,99,999.9,9,9,99,999.9,9,9
HALF MOON BAY AIRPORT         ,720646,228,20170118,2235,7,FM-15,    ,1,0.3,9,5,99,999.9,9,9,99,999.9,9,9,99,999.9,9,9
HALF MOON BAY AIRPORT         ,720646,228,20170118,2255,7,FM-15,    ,1,0.5,9,5,99,999.9,9,9,99,999.9,9,9,99,999.9,9,9
HALF MOON BAY AIRPORT         ,720646,228,20170118,2315,7,FM-15,    ,1,0.3,9,5,99,999.9,9,9,99,999.9,9,9,99,999.9,9,9
HALF MOON BAY AIRPORT         ,720646,228,20170118,2335,7,FM-15,    ,1,0.8,9,5,99,999.9,9,9,99,999.9,9,9,99,999.9,9,9
HALF MOON BAY AIRPORT         ,720646,228,20170118,2355,7,FM-15,    ,1,1,9,5,99,999.9,9,9,99,999.9,9,9,99,999.9,9,9
HALF MOON BAY AIRPORT         ,720646,228,20170119,15,7,FM-15,    ,1,0.3,9,5,99,999.9,9,9,99,999.9,9,9,99,999.9,9,9
HALF MOON BAY AIRPORT         ,720646,228,20170119,35,7,FM-15,    ,1,0.5,9,5,99,999.9,9,9,99,999.9,9,9,99,999.9,9,9
HALF MOON BAY AIRPORT         ,720646,228,20170119,55,7,FM-15,    ,1,0.5,9,5,99,999.9,9,9,99,999.9,9,9,99,999.9,9,9
HALF MOON BAY AIRPORT         ,720646,228,20170119,115,7,FM-15,    ,1,0.3,9,5,99,999.9,9,9,99,999.9,9,9,99,999.9,9,9
HALF MOON BAY AIRPORT         ,720646,228,20170119,135,7,FM-15,    ,1,0.3,9,5,99,999.9,9,9,99,999.9,9,9,99,999.9,9,9
HALF MOON BAY AIRPORT         ,720646,228,20170119,155,7,FM-15,    ,1,1.3,9,5,99,999.9,9,9,99,999.9,9,9,99,999.9,9,9
HALF MOON BAY AIRPORT         ,720646,228,20170119,215,7,FM-15,    ,1,1,9,5,99,999.9,9,9,99,999.9,9,9,99,999.9,9,9
HALF MOON BAY AIRPORT         ,720646,228,20170119,235,7,FM-15,    ,1,2.8,9,5,99,999.9,9,9,99,999.9,9,9,99,999.9,9,9
HALF MOON BAY AIRPORT         ,720646,228,20170119,255,7,FM-15,    ,1,5.3,9,5,99,999.9,9,9,99,999.9,9,9,99,999.9,9,9
HALF MOON BAY AIRPORT         ,720646,228,20170119,315,7,FM-15,    ,1,4.1,9,5,99,999.9,9,9,99,999.9,9,9,99,999.9,9,9
HALF MOON BAY AIRPORT         ,720646,228,20170119,335,7,FM-15,    ,1,5.8,9,5,99,999.9,9,9,99,999.9,9,9,99,999.9,9,9
HALF MOON BAY AIRPORT         ,720646,228,20170119,355,7,FM-15,    ,1,6.1,9,5,99,999.9,9,9,99,999.9,9,9,99,999.9,9,9
HALF MOON BAY AIRPORT         ,720646,228,20170119,1235,7,FM-15,    ,1,0.8,9,5,99,999.9,9,9,99,999.9,9,9,99,999.9,9,9
HALF MOON BAY AIRPORT         ,720646,228,20170119,1255,7,FM-15,    ,1,1,9,5,99,999.9,9,9,99,999.9,9,9,99,999.9,9,9
HALF MOON BAY AIRPORT         ,720646,228,20170119,1655,7,FM-15,    ,1,0.3,9,5,99,999.9,9,9,99,999.9,9,9,99,999.9,9,9
HALF MOON BAY AIRPORT         ,720646,228,20170119,2115,7,FM-15,    ,1,0.5,9,5,99,999.9,9,9,99,999.9,9,9,99,999.9,9,9
HALF MOON BAY AIRPORT         ,720646,228,20170119,2135,7,FM-15,    ,1,0.5,9,5,99,999.9,9,9,99,999.9,9,9,99,999.9,9,9
HALF MOON BAY AIRPORT         ,720646,228,20170119,2155,7,FM-15,    ,1,0.5,9,5,99,999.9,9,9,99,999.9,9,9,99,999.9,9,9
HALF MOON BAY AIRPORT         ,720646,228,20170120,35,7,FM-15,    ,1,0.3,9,5,99,999.9,9,9,99,999.9,9,9,99,999.9,9,9
HALF MOON BAY AIRPORT         ,720646,228,20170120,55,7,FM-15,    ,1,0.3,9,5,99,999.9,9,9,99,999.9,9,9,99,999.9,9,9
HALF MOON BAY AIRPORT         ,720646,228,20170120,615,7,FM-15,    ,1,0.5,9,5,99,999.9,9,9,99,999.9,9,9,99,999.9,9,9
HALF MOON BAY AIRPORT         ,720646,228,20170120,635,7,FM-15,    ,1,0.5,9,5,99,999.9,9,9,99,999.9,9,9,99,999.9,9,9
HALF MOON BAY AIRPORT         ,720646,228,20170120,655,7,FM-15,    ,1,0.8,9,5,99,999.9,9,9,99,999.9,9,9,99,999.9,9,9
HALF MOON BAY AIRPORT         ,720646,228,20170120,815,7,FM-15,    ,1,0.2,3,1,99,999.9,9,9,99,999.9,9,9,99,999.9,9,9
HALF MOON BAY AIRPORT         ,720646,228,20170120,835,7,FM-15,    ,1,0.8,9,5,99,999.9,9,9,99,999.9,9,9,99,999.9,9,9
HALF MOON BAY AIRPORT         ,720646,228,20170120,855,7,FM-15,    ,1,1.8,9,5,99,999.9,9,9,99,999.9,9,9,99,999.9,9,9
HALF MOON BAY AIRPORT         ,720646,228,20170120,915,7,FM-15,    ,1,1.3,9,5,99,999.9,9,9,99,999.9,9,9,99,999.9,9,9
HALF MOON BAY AIRPORT         ,720646,228,20170120,935,7,FM-15,    ,1,2,9,5,99,999.9,9,9,99,999.9,9,9,99,999.9,9,9
HALF MOON BAY AIRPORT         ,720646,228,20170120,955,7,FM-15,    ,1,2.3,9,5,99,999.9,9,9,99,999.9,9,9,99,999.9,9,9
HALF MOON BAY AIRPORT         ,720646,228,20170120,1015,7,FM-15,    ,1,0.8,9,5,99,999.9,9,9,99,999.9,9,9,99,999.9,9,9
HALF MOON BAY AIRPORT         ,720646,228,20170120,1035,7,FM-15,    ,1,1,9,5,99,999.9,9,9,99,999.9,9,9,99,999.9,9,9
HALF MOON BAY AIRPORT         ,720646,228,20170120,1055,7,FM-15,    ,1,1,9,5,99,999.9,9,9,99,999.9,9,9,99,999.9,9,9
HALF MOON BAY AIRPORT         ,720646,228,20170120,1135,7,FM-15,    ,1,1,9,5,99,999.9,9,9,99,999.9,9,9,99,999.9,9,9
HALF MOON BAY AIRPORT         ,720646,228,20170120,1155,7,FM-15,    ,1,2,9,5,99,999.9,9,9,99,999.9,9,9,99,999.9,9,9
HALF MOON BAY AIRPORT         ,720646,228,20170120,1215,7,FM-15,    ,1,15.5,9,5,99,999.9,9,9,99,999.9,9,9,99,999.9,9,9
HALF MOON BAY AIRPORT         ,720646,228,20170120,1235,7,FM-15,    ,1,22.9,9,5,99,999.9,9,9,99,999.9,9,9,99,999.9,9,9
HALF MOON BAY AIRPORT         ,720646,228,20170120,1255,7,FM-15,    ,1,22.9,9,5,99,999.9,9,9,99,999.9,9,9,99,999.9,9,9
HALF MOON BAY AIRPORT         ,720646,228,20170120,1455,7,FM-15,    ,1,1,9,5,99,999.9,9,9,99,999.9,9,9,99,999.9,9,9
HALF MOON BAY AIRPORT         ,720646,228,20170120,1515,7,FM-15,    ,1,0.5,9,5,99,999.9,9,9,99,999.9,9,9,99,999.9,9,9
HALF MOON BAY AIRPORT         ,720646,228,20170120,1535,7,FM-15,    ,1,0.5,9,5,99,999.9,9,9,99,999.9,9,9,99,999.9,9,9
HALF MOON BAY AIRPORT         ,720646,228,20170120,1555,7,FM-15,    ,1,0.5,9,5,99,999.9,9,9,99,999.9,9,9,99,999.9,9,9
HALF MOON BAY AIRPORT         ,720646,228,20170120,1715,7,FM-15,    ,1,1,9,5,99,999.9,9,9,99,999.9,9,9,99,999.9,9,9
HALF MOON BAY AIRPORT         ,720646,228,20170120,1735,7,FM-15,    ,1,1,9,5,99,999.9,9,9,99,999.9,9,9,99,999.9,9,9
HALF MOON BAY AIRPORT         ,720646,228,20170120,1755,7,FM-15,    ,1,1,9,5,99,999.9,9,9,99,999.9,9,9,99,999.9,9,9
HALF MOON BAY AIRPORT         ,720646,228,20170120,1935,7,FM-15,    ,1,1,9,5,99,999.9,9,9,99,999.9,9,9,99,999.9,9,9
HALF MOON BAY AIRPORT         ,720646,228,20170120,1955,7,FM-15,    ,1,1,9,5,99,999.9,9,9,99,999.9,9,9,99,999.9,9,9
HALF MOON BAY AIRPORT         ,720646,228,20170120,2055,7,FM-15,    ,1,0.3,9,5,99,999.9,9,9,99,999.9,9,9,99,999.9,9,9
HALF MOON BAY AIRPORT         ,720646,228,20170120,2115,7,FM-15,    ,1,0.8,9,5,99,999.9,9,9,99,999.9,9,9,99,999.9,9,9
HALF MOON BAY AIRPORT         ,720646,228,20170120,2135,7,FM-15,    ,1,1,9,5,99,999.9,9,9,99,999.9,9,9,99,999.9,9,9
HALF MOON BAY AIRPORT         ,720646,228,20170120,2155,7,FM-15,    ,1,1,9,5,99,999.9,9,9,99,999.9,9,9,99,999.9,9,9
HALF MOON BAY AIRPORT         ,720646,228,20170120,2255,7,FM-15,    ,1,0.8,9,5,99,999.9,9,9,99,999.9,9,9,99,999.9,9,9
HALF MOON BAY AIRPORT         ,720646,228,20170120,2315,7,FM-15,    ,1,0.3,9,5,99,999.9,9,9,99,999.9,9,9,99,999.9,9,9
HALF MOON BAY AIRPORT         ,720646,228,20170120,2335,7,FM-15,    ,1,0.3,9,5,99,999.9,9,9,99,999.9,9,9,99,999.9,9,9
HALF MOON BAY AIRPORT         ,720646,228,20170120,2355,7,FM-15,    ,1,0.3,9,5,99,999.9,9,9,99,999.9,9,9,99,999.9,9,9
HALF MOON BAY AIRPORT         ,720646,228,20170121,35,7,FM-15,    ,1,0.8,9,5,99,999.9,9,9,99,999.9,9,9,99,999.9,9,9
HALF MOON BAY AIRPORT         ,720646,228,20170121,55,7,FM-15,    ,1,1.5,9,5,99,999.9,9,9,99,999.9,9,9,99,999.9,9,9
HALF MOON BAY AIRPORT         ,720646,228,20170121,215,7,FM-15,    ,1,1,9,5,99,999.9,9,9,99,999.9,9,9,99,999.9,9,9
HALF MOON BAY AIRPORT         ,720646,228,20170121,235,7,FM-15,    ,1,1.3,9,5,99,999.9,9,9,99,999.9,9,9,99,999.9,9,9
HALF MOON BAY AIRPORT         ,720646,228,20170121,255,7,FM-15,    ,1,1.3,9,5,99,999.9,9,9,99,999.9,9,9,99,999.9,9,9
HALF MOON BAY AIRPORT         ,720646,228,20170122,55,7,FM-15,    ,1,0.8,9,5,99,999.9,9,9,99,999.9,9,9,99,999.9,9,9
HALF MOON BAY AIRPORT         ,720646,228,20170122,115,7,FM-15,    ,1,0.5,9,5,99,999.9,9,9,99,999.9,9,9,99,999.9,9,9
HALF MOON BAY AIRPORT         ,720646,228,20170122,135,7,FM-15,    ,1,0.8,9,5,99,999.9,9,9,99,999.9,9,9,99,999.9,9,9
HALF MOON BAY AIRPORT         ,720646,228,20170122,155,7,FM-15,    ,1,1,9,5,99,999.9,9,9,99,999.9,9,9,99,999.9,9,9
HALF MOON BAY AIRPORT         ,720646,228,20170122,215,7,FM-15,    ,1,0.5,9,5,99,999.9,9,9,99,999.9,9,9,99,999.9,9,9
HALF MOON BAY AIRPORT         ,720646,228,20170122,235,7,FM-15,    ,1,1.8,9,5,99,999.9,9,9,99,999.9,9,9,99,999.9,9,9
HALF MOON BAY AIRPORT         ,720646,228,20170122,255,7,FM-15,    ,1,2.5,9,5,99,999.9,9,9,99,999.9,9,9,99,999.9,9,9
HALF MOON BAY AIRPORT         ,720646,228,20170122,315,7,FM-15,    ,1,0.3,9,5,99,999.9,9,9,99,999.9,9,9,99,999.9,9,9
HALF MOON BAY AIRPORT         ,720646,228,20170122,335,7,FM-15,    ,1,0.5,9,5,99,999.9,9,9,99,999.9,9,9,99,999.9,9,9
HALF MOON BAY AIRPORT         ,720646,228,20170122,355,7,FM-15,    ,1,1,9,5,99,999.9,9,9,99,999.9,9,9,99,999.9,9,9
HALF MOON BAY AIRPORT         ,720646,228,20170122,435,7,FM-15,    ,1,0.3,9,5,99,999.9,9,9,99,999.9,9,9,99,999.9,9,9
HALF MOON BAY AIRPORT         ,720646,228,20170122,455,7,FM-15,    ,1,0.3,9,5,99,999.9,9,9,99,999.9,9,9,99,999.9,9,9
HALF MOON BAY AIRPORT         ,720646,228,20170122,835,7,FM-15,    ,1,0.3,9,5,99,999.9,9,9,99,999.9,9,9,99,999.9,9,9
HALF MOON BAY AIRPORT         ,720646,228,20170122,855,7,FM-15,    ,1,1,9,5,99,999.9,9,9,99,999.9,9,9,99,999.9,9,9
HALF MOON BAY AIRPORT         ,720646,228,20170122,915,7,FM-15,    ,1,0.3,9,5,99,999.9,9,9,99,999.9,9,9,99,999.9,9,9
HALF MOON BAY AIRPORT         ,720646,228,20170122,935,7,FM-15,    ,1,0.3,9,5,99,999.9,9,9,99,999.9,9,9,99,999.9,9,9
HALF MOON BAY AIRPORT         ,720646,228,20170122,955,7,FM-15,    ,1,0.5,9,5,99,999.9,9,9,99,999.9,9,9,99,999.9,9,9
HALF MOON BAY AIRPORT         ,720646,228,20170122,1015,7,FM-15,    ,1,0.3,9,5,99,999.9,9,9,99,999.9,9,9,99,999.9,9,9
HALF MOON BAY AIRPORT         ,720646,228,20170122,1035,7,FM-15,    ,1,0.5,9,5,99,999.9,9,9,99,999.9,9,9,99,999.9,9,9
HALF MOON BAY AIRPORT         ,720646,228,20170122,1055,7,FM-15,    ,1,0.5,9,5,99,999.9,9,9,99,999.9,9,9,99,999.9,9,9
HALF MOON BAY AIRPORT         ,720646,228,20170122,1115,7,FM-15,    ,1,0.3,9,5,99,999.9,9,9,99,999.9,9,9,99,999.9,9,9
HALF MOON BAY AIRPORT         ,720646,228,20170122,1135,7,FM-15,    ,1,0.8,9,5,99,999.9,9,9,99,999.9,9,9,99,999.9,9,9
HALF MOON BAY AIRPORT         ,720646,228,20170122,1155,7,FM-15,    ,1,1.8,9,5,99,999.9,9,9,99,999.9,9,9,99,999.9,9,9
HALF MOON BAY AIRPORT         ,720646,228,20170122,1215,7,FM-15,    ,1,1,9,5,99,999.9,9,9,99,999.9,9,9,99,999.9,9,9
HALF MOON BAY AIRPORT         ,720646,228,20170122,1235,7,FM-15,    ,1,0.8,9,5,99,999.9,9,9,99,999.9,9,9,99,999.9,9,9
HALF MOON BAY AIRPORT         ,720646,228,20170122,1255,7,FM-15,    ,1,4.3,9,5,99,999.9,9,9,99,999.9,9,9,99,999.9,9,9
HALF MOON BAY AIRPORT         ,720646,228,20170122,1315,7,FM-15,    ,1,0.3,9,5,99,999.9,9,9,99,999.9,9,9,99,999.9,9,9
HALF MOON BAY AIRPORT         ,720646,228,20170122,1335,7,FM-15,    ,1,0.3,9,5,99,999.9,9,9,99,999.9,9,9,99,999.9,9,9
HALF MOON BAY AIRPORT         ,720646,228,20170122,1355,7,FM-15,    ,1,0.3,9,5,99,999.9,9,9,99,999.9,9,9,99,999.9,9,9
HALF MOON BAY AIRPORT         ,720646,228,20170122,2135,7,FM-15,    ,1,0.3,9,5,99,999.9,9,9,99,999.9,9,9,99,999.9,9,9
HALF MOON BAY AIRPORT         ,720646,228,20170122,2155,7,FM-15,    ,1,0.3,9,5,99,999.9,9,9,99,999.9,9,9,99,999.9,9,9
HALF MOON BAY AIRPORT         ,720646,228,20170122,2215,7,FM-15,    ,1,0.3,9,5,99,999.9,9,9,99,999.9,9,9,99,999.9,9,9
HALF MOON BAY AIRPORT         ,720646,228,20170122,2235,7,FM-15,    ,1,0.5,9,5,99,999.9,9,9,99,999.9,9,9,99,999.9,9,9
HALF MOON BAY AIRPORT         ,720646,228,20170122,2255,7,FM-15,    ,1,1.5,9,5,99,999.9,9,9,99,999.9,9,9,99,999.9,9,9
HALF MOON BAY AIRPORT         ,720646,228,20170122,2315,7,FM-15,    ,1,3.3,9,5,99,999.9,9,9,99,999.9,9,9,99,999.9,9,9
HALF MOON BAY AIRPORT         ,720646,228,20170122,2335,7,FM-15,    ,1,3.8,9,5,99,999.9,9,9,99,999.9,9,9,99,999.9,9,9
HALF MOON BAY AIRPORT         ,720646,228,20170122,2355,7,FM-15,    ,1,4.1,9,5,99,999.9,9,9,99,999.9,9,9,99,999.9,9,9
HALF MOON BAY AIRPORT         ,720646,228,20170123,15,7,FM-15,    ,1,0.3,9,5,99,999.9,9,9,99,999.9,9,9,99,999.9,9,9
HALF MOON BAY AIRPORT         ,720646,228,20170123,35,7,FM-15,    ,1,0.3,9,5,99,999.9,9,9,99,999.9,9,9,99,999.9,9,9
HALF MOON BAY AIRPORT         ,720646,228,20170123,55,7,FM-15,    ,1,0.3,9,5,99,999.9,9,9,99,999.9,9,9,99,999.9,9,9
HALF MOON BAY AIRPORT         ,720646,228,20170123,515,7,FM-15,    ,1,0.5,9,5,99,999.9,9,9,99,999.9,9,9,99,999.9,9,9
HALF MOON BAY AIRPORT         ,720646,228,20170123,535,7,FM-15,    ,1,0.5,9,5,99,999.9,9,9,99,999.9,9,9,99,999.9,9,9
HALF MOON BAY AIRPORT         ,720646,228,20170123,555,7,FM-15,    ,1,0.5,9,5,99,999.9,9,9,99,999.9,9,9,99,999.9,9,9
HALF MOON BAY AIRPORT         ,720646,228,20170123,1435,7,FM-15,    ,1,0.3,9,5,99,999.9,9,9,99,999.9,9,9,99,999.9,9,9
HALF MOON BAY AIRPORT         ,720646,228,20170123,1455,7,FM-15,    ,1,0.3,9,5,99,999.9,9,9,99,999.9,9,9,99,999.9,9,9
HALF MOON BAY AIRPORT         ,720646,228,20170124,215,7,FM-15,    ,1,0.5,9,5,99,999.9,9,9,99,999.9,9,9,99,999.9,9,9
HALF MOON BAY AIRPORT         ,720646,228,20170124,235,7,FM-15,    ,1,0.8,9,5,99,999.9,9,9,99,999.9,9,9,99,999.9,9,9
HALF MOON BAY AIRPORT         ,720646,228,20170124,255,7,FM-15,    ,1,0.8,9,5,99,999.9,9,9,99,999.9,9,9,99,999.9,9,9
HALF MOON BAY AIRPORT         ,720646,228,20170124,455,7,FM-15,    ,1,1.8,9,5,99,999.9,9,9,99,999.9,9,9,99,999.9,9,9
HALF MOON BAY AIRPORT         ,720646,228,20170124,555,7,FM-15,    ,1,0.3,9,5,99,999.9,9,9,99,999.9,9,9,99,999.9,9,9
HALF MOON BAY AIRPORT         ,720646,228,20170202,935,7,FM-15,    ,1,0.3,9,5,99,999.9,9,9,99,999.9,9,9,99,999.9,9,9
HALF MOON BAY AIRPORT         ,720646,228,20170202,955,7,FM-15,    ,1,0.5,9,5,99,999.9,9,9,99,999.9,9,9,99,999.9,9,9
HALF MOON BAY AIRPORT         ,720646,228,20170202,1015,7,FM-15,    ,1,0.3,9,5,99,999.9,9,9,99,999.9,9,9,99,999.9,9,9
HALF MOON BAY AIRPORT         ,720646,228,20170202,1035,7,FM-15,    ,1,0.3,9,5,99,999.9,9,9,99,999.9,9,9,99,999.9,9,9
HALF MOON BAY AIRPORT         ,720646,228,20170202,1055,7,FM-15,    ,1,0.3,9,5,99,999.9,9,9,99,999.9,9,9,99,999.9,9,9
HALF MOON BAY AIRPORT         ,720646,228,20170202,1335,7,FM-15,    ,1,0.3,9,5,99,999.9,9,9,99,999.9,9,9,99,999.9,9,9
HALF MOON BAY AIRPORT         ,720646,228,20170202,1355,7,FM-15,    ,1,0.5,9,5,99,999.9,9,9,99,999.9,9,9,99,999.9,9,9
HALF MOON BAY AIRPORT         ,720646,228,20170202,1435,7,FM-15,    ,1,0.3,9,5,99,999.9,9,9,99,999.9,9,9,99,999.9,9,9
HALF MOON BAY AIRPORT         ,720646,228,20170202,1455,7,FM-15,    ,1,0.3,9,5,99,999.9,9,9,99,999.9,9,9,99,999.9,9,9
HALF MOON BAY AIRPORT         ,720646,228,20170203,1115,4,FM-15,    ,1,1,3,1,99,999.9,9,9,99,999.9,9,9,99,999.9,9,9
HALF MOON BAY AIRPORT         ,720646,228,20170203,1135,4,FM-15,    ,1,2,3,1,99,999.9,9,9,99,999.9,9,9,99,999.9,9,9
HALF MOON BAY AIRPORT         ,720646,228,20170203,1155,4,FM-15,    ,1,3,3,1,99,999.9,9,9,99,999.9,9,9,99,999.9,9,9
HALF MOON BAY AIRPORT         ,720646,228,20170203,1215,4,FM-15,    ,1,0.2,3,1,99,999.9,9,9,99,999.9,9,9,99,999.9,9,9
HALF MOON BAY AIRPORT         ,720646,228,20170203,1235,4,FM-15,    ,1,1.2,3,1,99,999.9,9,9,99,999.9,9,9,99,999.9,9,9
HALF MOON BAY AIRPORT         ,720646,228,20170203,1255,4,FM-15,    ,1,3,3,1,99,999.9,9,9,99,999.9,9,9,99,999.9,9,9
HALF MOON BAY AIRPORT         ,720646,228,20170203,1315,4,FM-15,    ,1,1.2,3,1,99,999.9,9,9,99,999.9,9,9,99,999.9,9,9
HALF MOON BAY AIRPORT         ,720646,228,20170203,1335,4,FM-15,    ,1,1.7,3,1,99,999.9,9,9,99,999.9,9,9,99,999.9,9,9
HALF MOON BAY AIRPORT         ,720646,228,20170203,1355,4,FM-15,    ,1,2.2,3,1,99,999.9,9,9,99,999.9,9,9,99,999.9,9,9
HALF MOON BAY AIRPORT         ,720646,228,20170204,655,4,FM-15,    ,1,2.5,3,1,99,999.9,9,9,99,999.9,9,9,99,999.9,9,9
HALF MOON BAY AIRPORT         ,720646,228,20170204,715,4,FM-15,    ,1,0.2,3,1,99,999.9,9,9,99,999.9,9,9,99,999.9,9,9
HALF MOON BAY AIRPORT         ,720646,228,20170204,735,4,FM-15,    ,1,0.7,3,1,99,999.9,9,9,99,999.9,9,9,99,999.9,9,9
HALF MOON BAY AIRPORT         ,720646,228,20170204,755,4,FM-15,    ,1,0.7,3,1,99,999.9,9,9,99,999.9,9,9,99,999.9,9,9
HALF MOON BAY AIRPORT         ,720646,228,20170204,1035,7,FM-15,    ,1,1.3,9,5,99,999.9,9,9,99,999.9,9,9,99,999.9,9,9
HALF MOON BAY AIRPORT         ,720646,228,20170204,1055,7,FM-15,    ,1,1.5,9,5,99,999.9,9,9,99,999.9,9,9,99,999.9,9,9
HALF MOON BAY AIRPORT         ,720646,228,20170204,1355,7,FM-15,    ,1,0.3,9,5,99,999.9,9,9,99,999.9,9,9,99,999.9,9,9
HALF MOON BAY AIRPORT         ,720646,228,20170204,1515,7,FM-15,    ,1,0.3,9,5,99,999.9,9,9,99,999.9,9,9,99,999.9,9,9
HALF MOON BAY AIRPORT         ,720646,228,20170204,1535,7,FM-15,    ,1,0.3,9,5,99,999.9,9,9,99,999.9,9,9,99,999.9,9,9
HALF MOON BAY AIRPORT         ,720646,228,20170204,1555,7,FM-15,    ,1,0.3,9,5,99,999.9,9,9,99,999.9,9,9,99,999.9,9,9
HALF MOON BAY AIRPORT         ,720646,228,20170206,135,7,FM-15,    ,1,0.8,9,5,99,999.9,9,9,99,999.9,9,9,99,999.9,9,9
HALF MOON BAY AIRPORT         ,720646,228,20170206,155,7,FM-15,    ,1,1.5,9,5,99,999.9,9,9,99,999.9,9,9,99,999.9,9,9
HALF MOON BAY AIRPORT         ,720646,228,20170206,215,7,FM-15,    ,1,0.3,9,5,99,999.9,9,9,99,999.9,9,9,99,999.9,9,9
HALF MOON BAY AIRPORT         ,720646,228,20170206,235,7,FM-15,    ,1,0.3,9,5,99,999.9,9,9,99,999.9,9,9,99,999.9,9,9
HALF MOON BAY AIRPORT         ,720646,228,20170206,255,7,FM-15,    ,1,0.3,9,5,99,999.9,9,9,99,999.9,9,9,99,999.9,9,9
HALF MOON BAY AIRPORT         ,720646,228,20170206,415,7,FM-15,    ,1,0.3,9,5,99,999.9,9,9,99,999.9,9,9,99,999.9,9,9
HALF MOON BAY AIRPORT         ,720646,228,20170206,435,7,FM-15,    ,1,0.3,9,5,99,999.9,9,9,99,999.9,9,9,99,999.9,9,9
HALF MOON BAY AIRPORT         ,720646,228,20170206,455,7,FM-15,    ,1,0.8,9,5,99,999.9,9,9,99,999.9,9,9,99,999.9,9,9
HALF MOON BAY AIRPORT         ,720646,228,20170206,615,7,FM-15,    ,1,0.3,9,5,99,999.9,9,9,99,999.9,9,9,99,999.9,9,9
HALF MOON BAY AIRPORT         ,720646,228,20170206,635,7,FM-15,    ,1,1,9,5,99,999.9,9,9,99,999.9,9,9,99,999.9,9,9
HALF MOON BAY AIRPORT         ,720646,228,20170206,650,7,FM-15,    ,1,1,9,5,99,999.9,9,9,99,999.9,9,9,99,999.9,9,9
HALF MOON BAY AIRPORT         ,720646,228,20170206,755,7,FM-15,    ,1,0.3,9,5,99,999.9,9,9,99,999.9,9,9,99,999.9,9,9
HALF MOON BAY AIRPORT         ,720646,228,20170206,815,7,FM-15,    ,1,0.5,3,1,99,999.9,9,9,99,999.9,9,9,99,999.9,9,9
HALF MOON BAY AIRPORT         ,720646,228,20170206,835,7,FM-15,    ,1,0.5,9,5,99,999.9,9,9,99,999.9,9,9,99,999.9,9,9
HALF MOON BAY AIRPORT         ,720646,228,20170206,855,7,FM-15,    ,1,0.8,9,5,99,999.9,9,9,99,999.9,9,9,99,999.9,9,9
HALF MOON BAY AIRPORT         ,720646,228,20170206,1535,7,FM-15,    ,1,0.3,9,5,99,999.9,9,9,99,999.9,9,9,99,999.9,9,9
HALF MOON BAY AIRPORT         ,720646,228,20170206,1555,7,FM-15,    ,1,0.5,9,5,99,999.9,9,9,99,999.9,9,9,99,999.9,9,9
HALF MOON BAY AIRPORT         ,720646,228,20170206,1735,7,FM-15,    ,1,0.3,9,5,99,999.9,9,9,99,999.9,9,9,99,999.9,9,9
HALF MOON BAY AIRPORT         ,720646,228,20170206,1755,7,FM-15,    ,1,0.5,9,5,99,999.9,9,9,99,999.9,9,9,99,999.9,9,9
HALF MOON BAY AIRPORT         ,720646,228,20170206,1955,7,FM-15,    ,1,0.5,9,5,99,999.9,9,9,99,999.9,9,9,99,999.9,9,9
HALF MOON BAY AIRPORT         ,720646,228,20170207,115,7,FM-15,    ,1,0.3,9,5,99,999.9,9,9,99,999.9,9,9,99,999.9,9,9
HALF MOON BAY AIRPORT         ,720646,228,20170207,135,7,FM-15,    ,1,0.5,9,5,99,999.9,9,9,99,999.9,9,9,99,999.9,9,9
HALF MOON BAY AIRPORT         ,720646,228,20170207,155,7,FM-15,    ,1,0.5,9,5,99,999.9,9,9,99,999.9,9,9,99,999.9,9,9
HALF MOON BAY AIRPORT         ,720646,228,20170207,235,7,FM-15,    ,1,0.3,9,5,99,999.9,9,9,99,999.9,9,9,99,999.9,9,9
HALF MOON BAY AIRPORT         ,720646,228,20170207,255,7,FM-15,    ,1,0.5,9,5,99,999.9,9,9,99,999.9,9,9,99,999.9,9,9
HALF MOON BAY AIRPORT         ,720646,228,20170207,315,7,FM-15,    ,1,0.5,9,5,99,999.9,9,9,99,999.9,9,9,99,999.9,9,9
HALF MOON BAY AIRPORT         ,720646,228,20170207,335,7,FM-15,    ,1,1,9,5,99,999.9,9,9,99,999.9,9,9,99,999.9,9,9
HALF MOON BAY AIRPORT         ,720646,228,20170207,355,7,FM-15,    ,1,1.5,9,5,99,999.9,9,9,99,999.9,9,9,99,999.9,9,9
HALF MOON BAY AIRPORT         ,720646,228,20170207,415,7,FM-15,    ,1,0.3,9,5,99,999.9,9,9,99,999.9,9,9,99,999.9,9,9
HALF MOON BAY AIRPORT         ,720646,228,20170207,435,7,FM-15,    ,1,0.8,9,5,99,999.9,9,9,99,999.9,9,9,99,999.9,9,9
HALF MOON BAY AIRPORT         ,720646,228,20170207,455,7,FM-15,    ,1,1,9,5,99,999.9,9,9,99,999.9,9,9,99,999.9,9,9
HALF MOON BAY AIRPORT         ,720646,228,20170207,515,7,FM-15,    ,1,0.5,9,5,99,999.9,9,9,99,999.9,9,9,99,999.9,9,9
HALF MOON BAY AIRPORT         ,720646,228,20170207,535,7,FM-15,    ,1,1.3,9,5,99,999.9,9,9,99,999.9,9,9,99,999.9,9,9
HALF MOON BAY AIRPORT         ,720646,228,20170207,555,7,FM-15,    ,1,1.8,9,5,99,999.9,9,9,99,999.9,9,9,99,999.9,9,9
HALF MOON BAY AIRPORT         ,720646,228,20170207,615,7,FM-15,    ,1,0.3,9,5,99,999.9,9,9,99,999.9,9,9,99,999.9,9,9
HALF MOON BAY AIRPORT         ,720646,228,20170207,635,7,FM-15,    ,1,0.8,9,5,99,999.9,9,9,99,999.9,9,9,99,999.9,9,9
HALF MOON BAY AIRPORT         ,720646,228,20170207,655,7,FM-15,    ,1,1,9,5,99,999.9,9,9,99,999.9,9,9,99,999.9,9,9
HALF MOON BAY AIRPORT         ,720646,228,20170207,715,7,FM-15,    ,1,0.3,9,5,99,999.9,9,9,99,999.9,9,9,99,999.9,9,9
HALF MOON BAY AIRPORT         ,720646,228,20170207,735,7,FM-15,    ,1,0.5,9,5,99,999.9,9,9,99,999.9,9,9,99,999.9,9,9
HALF MOON BAY AIRPORT         ,720646,228,20170207,755,7,FM-15,    ,1,1.3,9,5,99,999.9,9,9,99,999.9,9,9,99,999.9,9,9
HALF MOON BAY AIRPORT         ,720646,228,20170207,815,7,FM-15,    ,1,0.7,3,1,99,999.9,9,9,99,999.9,9,9,99,999.9,9,9
HALF MOON BAY AIRPORT         ,720646,228,20170207,835,7,FM-15,    ,1,1.5,9,5,99,999.9,9,9,99,999.9,9,9,99,999.9,9,9
HALF MOON BAY AIRPORT         ,720646,228,20170207,855,7,FM-15,    ,1,2,9,5,99,999.9,9,9,99,999.9,9,9,99,999.9,9,9
HALF MOON BAY AIRPORT         ,720646,228,20170207,915,7,FM-15,    ,1,0.3,9,5,99,999.9,9,9,99,999.9,9,9,99,999.9,9,9
HALF MOON BAY AIRPORT         ,720646,228,20170207,935,7,FM-15,    ,1,0.3,9,5,99,999.9,9,9,99,999.9,9,9,99,999.9,9,9
HALF MOON BAY AIRPORT         ,720646,228,20170207,955,7,FM-15,    ,1,0.3,9,5,99,999.9,9,9,99,999.9,9,9,99,999.9,9,9
HALF MOON BAY AIRPORT         ,720646,228,20170207,1035,7,FM-15,    ,1,0.3,9,5,99,999.9,9,9,99,999.9,9,9,99,999.9,9,9
HALF MOON BAY AIRPORT         ,720646,228,20170207,1055,7,FM-15,    ,1,0.3,9,5,99,999.9,9,9,99,999.9,9,9,99,999.9,9,9
HALF MOON BAY AIRPORT         ,720646,228,20170207,1115,7,FM-15,    ,1,0.3,9,5,99,999.9,9,9,99,999.9,9,9,99,999.9,9,9
HALF MOON BAY AIRPORT         ,720646,228,20170207,1135,7,FM-15,    ,1,0.3,9,5,99,999.9,9,9,99,999.9,9,9,99,999.9,9,9
HALF MOON BAY AIRPORT         ,720646,228,20170207,1155,7,FM-15,    ,1,0.3,9,5,99,999.9,9,9,99,999.9,9,9,99,999.9,9,9
HALF MOON BAY AIRPORT         ,720646,228,20170207,1255,7,FM-15,    ,1,0.8,9,5,99,999.9,9,9,99,999.9,9,9,99,999.9,9,9
HALF MOON BAY AIRPORT         ,720646,228,20170207,1315,7,FM-15,    ,1,1,9,5,99,999.9,9,9,99,999.9,9,9,99,999.9,9,9
HALF MOON BAY AIRPORT         ,720646,228,20170207,1335,7,FM-15,    ,1,1.3,9,5,99,999.9,9,9,99,999.9,9,9,99,999.9,9,9
HALF MOON BAY AIRPORT         ,720646,228,20170207,1355,7,FM-15,    ,1,1.5,9,5,99,999.9,9,9,99,999.9,9,9,99,999.9,9,9
HALF MOON BAY AIRPORT         ,720646,228,20170207,1415,7,FM-15,    ,1,1,9,5,99,999.9,9,9,99,999.9,9,9,99,999.9,9,9
HALF MOON BAY AIRPORT         ,720646,228,20170207,1435,7,FM-15,    ,1,2.3,9,5,99,999.9,9,9,99,999.9,9,9,99,999.9,9,9
HALF MOON BAY AIRPORT         ,720646,228,20170207,1455,7,FM-15,    ,1,2.3,9,5,99,999.9,9,9,99,999.9,9,9,99,999.9,9,9
HALF MOON BAY AIRPORT         ,720646,228,20170207,1515,7,FM-15,    ,1,0.3,9,5,99,999.9,9,9,99,999.9,9,9,99,999.9,9,9
HALF MOON BAY AIRPORT         ,720646,228,20170207,1535,7,FM-15,    ,1,0.5,9,5,99,999.9,9,9,99,999.9,9,9,99,999.9,9,9
HALF MOON BAY AIRPORT         ,720646,228,20170207,1555,7,FM-15,    ,1,1.3,9,5,99,999.9,9,9,99,999.9,9,9,99,999.9,9,9
HALF MOON BAY AIRPORT         ,720646,228,20170207,1615,7,FM-15,    ,1,0.8,9,5,99,999.9,9,9,99,999.9,9,9,99,999.9,9,9
HALF MOON BAY AIRPORT         ,720646,228,20170207,1635,7,FM-15,    ,1,1.8,9,5,99,999.9,9,9,99,999.9,9,9,99,999.9,9,9
HALF MOON BAY AIRPORT         ,720646,228,20170207,1655,7,FM-15,    ,1,2.5,9,5,99,999.9,9,9,99,999.9,9,9,99,999.9,9,9
HALF MOON BAY AIRPORT         ,720646,228,20170207,1715,7,FM-15,    ,1,0.8,9,5,99,999.9,9,9,99,999.9,9,9,99,999.9,9,9
HALF MOON BAY AIRPORT         ,720646,228,20170207,1735,7,FM-15,    ,1,1.3,9,5,99,999.9,9,9,99,999.9,9,9,99,999.9,9,9
HALF MOON BAY AIRPORT         ,720646,228,20170207,1755,7,FM-15,    ,1,2,9,5,99,999.9,9,9,99,999.9,9,9,99,999.9,9,9
HALF MOON BAY AIRPORT         ,720646,228,20170207,1815,7,FM-15,    ,1,0.3,9,5,99,999.9,9,9,99,999.9,9,9,99,999.9,9,9
HALF MOON BAY AIRPORT         ,720646,228,20170207,1835,7,FM-15,    ,1,0.5,9,5,99,999.9,9,9,99,999.9,9,9,99,999.9,9,9
HALF MOON BAY AIRPORT         ,720646,228,20170207,1855,7,FM-15,    ,1,0.5,9,5,99,999.9,9,9,99,999.9,9,9,99,999.9,9,9
HALF MOON BAY AIRPORT         ,720646,228,20170208,755,7,FM-15,    ,1,0.5,9,5,99,999.9,9,9,99,999.9,9,9,99,999.9,9,9
HALF MOON BAY AIRPORT         ,720646,228,20170208,835,7,FM-15,    ,1,0.8,9,5,99,999.9,9,9,99,999.9,9,9,99,999.9,9,9
HALF MOON BAY AIRPORT         ,720646,228,20170208,855,7,FM-15,    ,1,1,9,5,99,999.9,9,9,99,999.9,9,9,99,999.9,9,9
HALF MOON BAY AIRPORT         ,720646,228,20170208,915,7,FM-15,    ,1,0.3,9,5,99,999.9,9,9,99,999.9,9,9,99,999.9,9,9
HALF MOON BAY AIRPORT         ,720646,228,20170208,935,7,FM-15,    ,1,0.3,9,5,99,999.9,9,9,99,999.9,9,9,99,999.9,9,9
HALF MOON BAY AIRPORT         ,720646,228,20170208,955,7,FM-15,    ,1,0.5,9,5,99,999.9,9,9,99,999.9,9,9,99,999.9,9,9
HALF MOON BAY AIRPORT         ,720646,228,20170216,1115,7,FM-15,    ,1,0.8,9,5,99,999.9,9,9,99,999.9,9,9,99,999.9,9,9
HALF MOON BAY AIRPORT         ,720646,228,20170216,1135,7,FM-15,    ,1,2.3,9,5,99,999.9,9,9,99,999.9,9,9,99,999.9,9,9
HALF MOON BAY AIRPORT         ,720646,228,20170216,1155,7,FM-15,    ,1,3,9,5,99,999.9,9,9,99,999.9,9,9,99,999.9,9,9
HALF MOON BAY AIRPORT         ,720646,228,20170216,1215,7,FM-15,    ,1,0.3,9,5,99,999.9,9,9,99,999.9,9,9,99,999.9,9,9
HALF MOON BAY AIRPORT         ,720646,228,20170216,1235,7,FM-15,    ,1,1.8,9,5,99,999.9,9,9,99,999.9,9,9,99,999.9,9,9
HALF MOON BAY AIRPORT         ,720646,228,20170216,1255,7,FM-15,    ,1,3.8,9,5,99,999.9,9,9,99,999.9,9,9,99,999.9,9,9
HALF MOON BAY AIRPORT         ,720646,228,20170216,1355,7,FM-15,    ,1,0.3,9,5,99,999.9,9,9,99,999.9,9,9,99,999.9,9,9
HALF MOON BAY AIRPORT         ,720646,228,20170217,1915,7,FM-15,    ,1,0.3,9,5,99,999.9,9,9,99,999.9,9,9,99,999.9,9,9
HALF MOON BAY AIRPORT         ,720646,228,20170217,1935,7,FM-15,    ,1,0.5,9,5,99,999.9,9,9,99,999.9,9,9,99,999.9,9,9
HALF MOON BAY AIRPORT         ,720646,228,20170217,1955,7,FM-15,    ,1,0.5,9,5,99,999.9,9,9,99,999.9,9,9,99,999.9,9,9
HALF MOON BAY AIRPORT         ,720646,228,20170217,2315,7,FM-15,    ,1,0.5,9,5,99,999.9,9,9,99,999.9,9,9,99,999.9,9,9
HALF MOON BAY AIRPORT         ,720646,228,20170217,2335,7,FM-15,    ,1,1.5,9,5,99,999.9,9,9,99,999.9,9,9,99,999.9,9,9
HALF MOON BAY AIRPORT         ,720646,228,20170217,2355,7,FM-15,    ,1,2,9,5,99,999.9,9,9,99,999.9,9,9,99,999.9,9,9
HALF MOON BAY AIRPORT         ,720646,228,20170218,15,7,FM-15,    ,1,0.8,9,5,99,999.9,9,9,99,999.9,9,9,99,999.9,9,9
HALF MOON BAY AIRPORT         ,720646,228,20170218,35,7,FM-15,    ,1,1.5,9,5,99,999.9,9,9,99,999.9,9,9,99,999.9,9,9
HALF MOON BAY AIRPORT         ,720646,228,20170218,55,7,FM-15,    ,1,1.8,9,5,99,999.9,9,9,99,999.9,9,9,99,999.9,9,9
HALF MOON BAY AIRPORT         ,720646,228,20170218,235,7,FM-15,    ,1,1.3,9,5,99,999.9,9,9,99,999.9,9,9,99,999.9,9,9
HALF MOON BAY AIRPORT         ,720646,228,20170218,255,7,FM-15,    ,1,2,9,5,99,999.9,9,9,99,999.9,9,9,99,999.9,9,9
HALF MOON BAY AIRPORT         ,720646,228,20170218,315,7,FM-15,    ,1,0.3,9,5,99,999.9,9,9,99,999.9,9,9,99,999.9,9,9
HALF MOON BAY AIRPORT         ,720646,228,20170218,335,7,FM-15,    ,1,0.5,9,5,99,999.9,9,9,99,999.9,9,9,99,999.9,9,9
HALF MOON BAY AIRPORT         ,720646,228,20170218,355,7,FM-15,    ,1,0.8,9,5,99,999.9,9,9,99,999.9,9,9,99,999.9,9,9
HALF MOON BAY AIRPORT         ,720646,228,20170219,1835,7,FM-15,    ,1,0.3,9,5,99,999.9,9,9,99,999.9,9,9,99,999.9,9,9
HALF MOON BAY AIRPORT         ,720646,228,20170219,1855,7,FM-15,    ,1,0.3,9,5,99,999.9,9,9,99,999.9,9,9,99,999.9,9,9
HALF MOON BAY AIRPORT         ,720646,228,20170220,815,7,FM-15,    ,1,0.7,3,1,99,999.9,9,9,99,999.9,9,9,99,999.9,9,9
HALF MOON BAY AIRPORT         ,720646,228,20170220,835,7,FM-15,    ,1,1.5,9,5,99,999.9,9,9,99,999.9,9,9,99,999.9,9,9
HALF MOON BAY AIRPORT         ,720646,228,20170220,855,7,FM-15,    ,1,1.8,9,5,99,999.9,9,9,99,999.9,9,9,99,999.9,9,9
HALF MOON BAY AIRPORT         ,720646,228,20170220,915,7,FM-15,    ,1,0.8,9,5,99,999.9,9,9,99,999.9,9,9,99,999.9,9,9
HALF MOON BAY AIRPORT         ,720646,228,20170220,935,7,FM-15,    ,1,1,9,5,99,999.9,9,9,99,999.9,9,9,99,999.9,9,9
HALF MOON BAY AIRPORT         ,720646,228,20170220,955,7,FM-15,    ,1,1.3,9,5,99,999.9,9,9,99,999.9,9,9,99,999.9,9,9
HALF MOON BAY AIRPORT         ,720646,228,20170220,1015,7,FM-15,    ,1,1.3,9,5,99,999.9,9,9,99,999.9,9,9,99,999.9,9,9
HALF MOON BAY AIRPORT         ,720646,228,20170220,1035,7,FM-15,    ,1,3.3,9,5,99,999.9,9,9,99,999.9,9,9,99,999.9,9,9
HALF MOON BAY AIRPORT         ,720646,228,20170220,1055,7,FM-15,    ,1,5.6,9,5,99,999.9,9,9,99,999.9,9,9,99,999.9,9,9
HALF MOON BAY AIRPORT         ,720646,228,20170220,1115,7,FM-15,    ,1,1,9,5,99,999.9,9,9,99,999.9,9,9,99,999.9,9,9
HALF MOON BAY AIRPORT         ,720646,228,20170220,1135,7,FM-15,    ,1,3.6,9,5,99,999.9,9,9,99,999.9,9,9,99,999.9,9,9
HALF MOON BAY AIRPORT         ,720646,228,20170220,1155,7,FM-15,    ,1,4.6,9,5,99,999.9,9,9,99,999.9,9,9,99,999.9,9,9
HALF MOON BAY AIRPORT         ,720646,228,20170220,1215,7,FM-15,    ,1,0.3,9,5,99,999.9,9,9,99,999.9,9,9,99,999.9,9,9
HALF MOON BAY AIRPORT         ,720646,228,20170220,1235,7,FM-15,    ,1,1,9,5,99,999.9,9,9,99,999.9,9,9,99,999.9,9,9
HALF MOON BAY AIRPORT         ,720646,228,20170220,1255,7,FM-15,    ,1,1.3,9,5,99,999.9,9,9,99,999.9,9,9,99,999.9,9,9
HALF MOON BAY AIRPORT         ,720646,228,20170220,1535,7,FM-15,    ,1,0.3,9,5,99,999.9,9,9,99,999.9,9,9,99,999.9,9,9
HALF MOON BAY AIRPORT         ,720646,228,20170220,1555,7,FM-15,    ,1,0.3,9,5,99,999.9,9,9,99,999.9,9,9,99,999.9,9,9
HALF MOON BAY AIRPORT         ,720646,228,20170220,1615,7,FM-15,    ,1,0.3,9,5,99,999.9,9,9,99,999.9,9,9,99,999.9,9,9
HALF MOON BAY AIRPORT         ,720646,228,20170220,1635,7,FM-15,    ,1,0.5,9,5,99,999.9,9,9,99,999.9,9,9,99,999.9,9,9
HALF MOON BAY AIRPORT         ,720646,228,20170220,1655,7,FM-15,    ,1,1,9,5,99,999.9,9,9,99,999.9,9,9,99,999.9,9,9
HALF MOON BAY AIRPORT         ,720646,228,20170220,1715,7,FM-15,    ,1,0.3,9,5,99,999.9,9,9,99,999.9,9,9,99,999.9,9,9
HALF MOON BAY AIRPORT         ,720646,228,20170220,1735,7,FM-15,    ,1,0.5,9,5,99,999.9,9,9,99,999.9,9,9,99,999.9,9,9
HALF MOON BAY AIRPORT         ,720646,228,20170220,1755,7,FM-15,    ,1,1.3,9,5,99,999.9,9,9,99,999.9,9,9,99,999.9,9,9
HALF MOON BAY AIRPORT         ,720646,228,20170220,1815,7,FM-15,    ,1,0.3,9,5,99,999.9,9,9,99,999.9,9,9,99,999.9,9,9
HALF MOON BAY AIRPORT         ,720646,228,20170220,1835,7,FM-15,    ,1,0.3,9,5,99,999.9,9,9,99,999.9,9,9,99,999.9,9,9
HALF MOON BAY AIRPORT         ,720646,228,20170220,1855,7,FM-15,    ,1,0.8,9,5,99,999.9,9,9,99,999.9,9,9,99,999.9,9,9
HALF MOON BAY AIRPORT         ,720646,228,20170220,1915,7,FM-15,    ,1,0.3,9,5,99,999.9,9,9,99,999.9,9,9,99,999.9,9,9
HALF MOON BAY AIRPORT         ,720646,228,20170220,1935,7,FM-15,    ,1,0.8,9,5,99,999.9,9,9,99,999.9,9,9,99,999.9,9,9
HALF MOON BAY AIRPORT         ,720646,228,20170220,2035,7,FM-15,    ,1,1,9,5,99,999.9,9,9,99,999.9,9,9,99,999.9,9,9
HALF MOON BAY AIRPORT         ,720646,228,20170220,2055,7,FM-15,    ,1,1.3,9,5,99,999.9,9,9,99,999.9,9,9,99,999.9,9,9
HALF MOON BAY AIRPORT         ,720646,228,20170220,2115,7,FM-15,    ,1,0.5,9,5,99,999.9,9,9,99,999.9,9,9,99,999.9,9,9
HALF MOON BAY AIRPORT         ,720646,228,20170220,2135,7,FM-15,    ,1,0.8,9,5,99,999.9,9,9,99,999.9,9,9,99,999.9,9,9
HALF MOON BAY AIRPORT         ,720646,228,20170220,2155,7,FM-15,    ,1,1.3,9,5,99,999.9,9,9,99,999.9,9,9,99,999.9,9,9
HALF MOON BAY AIRPORT         ,720646,228,20170220,2215,7,FM-15,    ,1,1,9,5,99,999.9,9,9,99,999.9,9,9,99,999.9,9,9
HALF MOON BAY AIRPORT         ,720646,228,20170220,2235,7,FM-15,    ,1,1,9,5,99,999.9,9,9,99,999.9,9,9,99,999.9,9,9
HALF MOON BAY AIRPORT         ,720646,228,20170220,2255,7,FM-15,    ,1,3,9,5,99,999.9,9,9,99,999.9,9,9,99,999.9,9,9
HALF MOON BAY AIRPORT         ,720646,228,20170220,2335,7,FM-15,    ,1,0.8,9,5,99,999.9,9,9,99,999.9,9,9,99,999.9,9,9
HALF MOON BAY AIRPORT         ,720646,228,20170220,2355,7,FM-15,    ,1,2.8,9,5,99,999.9,9,9,99,999.9,9,9,99,999.9,9,9
HALF MOON BAY AIRPORT         ,720646,228,20170221,15,7,FM-15,    ,1,1.3,9,5,99,999.9,9,9,99,999.9,9,9,99,999.9,9,9
HALF MOON BAY AIRPORT         ,720646,228,20170221,35,7,FM-15,    ,1,2.5,9,5,99,999.9,9,9,99,999.9,9,9,99,999.9,9,9
HALF MOON BAY AIRPORT         ,720646,228,20170221,55,7,FM-15,    ,1,4.6,9,5,99,999.9,9,9,99,999.9,9,9,99,999.9,9,9
HALF MOON BAY AIRPORT         ,720646,228,20170221,135,7,FM-15,    ,1,0.3,9,5,99,999.9,9,9,99,999.9,9,9,99,999.9,9,9
HALF MOON BAY AIRPORT         ,720646,228,20170221,155,7,FM-15,    ,1,0.3,9,5,99,999.9,9,9,99,999.9,9,9,99,999.9,9,9
HALF MOON BAY AIRPORT         ,720646,228,20170221,655,7,FM-15,    ,1,0.3,9,5,99,999.9,9,9,99,999.9,9,9,99,999.9,9,9
HALF MOON BAY AIRPORT         ,720646,228,20170221,1215,7,FM-15,    ,1,1.8,9,5,99,999.9,9,9,99,999.9,9,9,99,999.9,9,9
HALF MOON BAY AIRPORT         ,720646,228,20170221,1235,7,FM-15,    ,1,1.8,9,5,99,999.9,9,9,99,999.9,9,9,99,999.9,9,9
HALF MOON BAY AIRPORT         ,720646,228,20170221,1255,7,FM-15,    ,1,1.8,9,5,99,999.9,9,9,99,999.9,9,9,99,999.9,9,9
HALF MOON BAY AIRPORT         ,720646,228,20170222,55,7,FM-15,    ,1,0.3,9,5,99,999.9,9,9,99,999.9,9,9,99,999.9,9,9
HALF MOON BAY AIRPORT         ,720646,228,20170222,115,7,FM-15,    ,1,0.5,9,5,99,999.9,9,9,99,999.9,9,9,99,999.9,9,9
HALF MOON BAY AIRPORT         ,720646,228,20170222,135,7,FM-15,    ,1,1.3,9,5,99,999.9,9,9,99,999.9,9,9,99,999.9,9,9
HALF MOON BAY AIRPORT         ,720646,228,20170222,155,7,FM-15,    ,1,1.3,9,5,99,999.9,9,9,99,999.9,9,9,99,999.9,9,9
HALF MOON BAY AIRPORT         ,720646,228,20170222,255,7,FM-15,    ,1,1,9,5,99,999.9,9,9,99,999.9,9,9,99,999.9,9,9
HALF MOON BAY AIRPORT         ,720646,228,20170222,315,7,FM-15,    ,1,1,9,5,99,999.9,9,9,99,999.9,9,9,99,999.9,9,9
HALF MOON BAY AIRPORT         ,720646,228,20170222,335,7,FM-15,    ,1,1.3,9,5,99,999.9,9,9,99,999.9,9,9,99,999.9,9,9
HALF MOON BAY AIRPORT         ,720646,228,20170222,355,7,FM-15,    ,1,1.3,9,5,99,999.9,9,9,99,999.9,9,9,99,999.9,9,9
HALF MOON BAY AIRPORT         ,720646,228,20170227,315,7,FM-15,    ,1,0.3,9,5,99,999.9,9,9,99,999.9,9,9,99,999.9,9,9
HALF MOON BAY AIRPORT         ,720646,228,20170227,335,7,FM-15,    ,1,0.8,9,5,99,999.9,9,9,99,999.9,9,9,99,999.9,9,9
HALF MOON BAY AIRPORT         ,720646,228,20170227,355,7,FM-15,    ,1,0.8,9,5,99,999.9,9,9,99,999.9,9,9,99,999.9,9,9
HALF MOON BAY AIRPORT         ,720646,228,20170227,935,7,FM-15,    ,1,0.3,9,5,99,999.9,9,9,99,999.9,9,9,99,999.9,9,9
HALF MOON BAY AIRPORT         ,720646,228,20170227,955,7,FM-15,    ,1,0.3,9,5,99,999.9,9,9,99,999.9,9,9,99,999.9,9,9
HALF MOON BAY AIRPORT         ,720646,228,20170305,55,7,FM-15,    ,1,0.3,9,5,99,999.9,9,9,99,999.9,9,9,99,999.9,9,9
HALF MOON BAY AIRPORT         ,720646,228,20170305,235,7,FM-15,    ,1,1.3,9,5,99,999.9,9,9,99,999.9,9,9,99,999.9,9,9
HALF MOON BAY AIRPORT         ,720646,228,20170305,255,7,FM-15,    ,1,2.3,9,5,99,999.9,9,9,99,999.9,9,9,99,999.9,9,9
HALF MOON BAY AIRPORT         ,720646,228,20170305,315,7,FM-15,    ,1,0.3,9,5,99,999.9,9,9,99,999.9,9,9,99,999.9,9,9
HALF MOON BAY AIRPORT         ,720646,228,20170305,335,7,FM-15,    ,1,0.8,9,5,99,999.9,9,9,99,999.9,9,9,99,999.9,9,9
HALF MOON BAY AIRPORT         ,720646,228,20170305,355,7,FM-15,    ,1,2.5,9,5,99,999.9,9,9,99,999.9,9,9,99,999.9,9,9
HALF MOON BAY AIRPORT         ,720646,228,20170305,415,7,FM-15,    ,1,0.5,9,5,99,999.9,9,9,99,999.9,9,9,99,999.9,9,9
HALF MOON BAY AIRPORT         ,720646,228,20170305,435,7,FM-15,    ,1,1.8,9,5,99,999.9,9,9,99,999.9,9,9,99,999.9,9,9
HALF MOON BAY AIRPORT         ,720646,228,20170305,455,7,FM-15,    ,1,7.9,9,5,99,999.9,9,9,99,999.9,9,9,99,999.9,9,9
HALF MOON BAY AIRPORT         ,720646,228,20170305,515,7,FM-15,    ,1,0.8,9,5,99,999.9,9,9,99,999.9,9,9,99,999.9,9,9
HALF MOON BAY AIRPORT         ,720646,228,20170305,535,7,FM-15,    ,1,1.8,9,5,99,999.9,9,9,99,999.9,9,9,99,999.9,9,9
HALF MOON BAY AIRPORT         ,720646,228,20170305,555,7,FM-15,    ,1,3.6,9,5,99,999.9,9,9,99,999.9,9,9,99,999.9,9,9
HALF MOON BAY AIRPORT         ,720646,228,20170305,955,7,FM-15,    ,1,0.3,9,5,99,999.9,9,9,99,999.9,9,9,99,999.9,9,9
HALF MOON BAY AIRPORT         ,720646,228,20170305,1115,7,FM-15,    ,1,0.5,9,5,99,999.9,9,9,99,999.9,9,9,99,999.9,9,9
HALF MOON BAY AIRPORT         ,720646,228,20170305,1135,7,FM-15,    ,1,0.8,9,5,99,999.9,9,9,99,999.9,9,9,99,999.9,9,9
HALF MOON BAY AIRPORT         ,720646,228,20170305,1155,7,FM-15,    ,1,0.8,9,5,99,999.9,9,9,99,999.9,9,9,99,999.9,9,9
HALF MOON BAY AIRPORT         ,720646,228,20170305,1235,7,FM-15,    ,1,0.5,9,5,99,999.9,9,9,99,999.9,9,9,99,999.9,9,9
HALF MOON BAY AIRPORT         ,720646,228,20170305,1255,7,FM-15,    ,1,1.3,9,5,99,999.9,9,9,99,999.9,9,9,99,999.9,9,9
HALF MOON BAY AIRPORT         ,720646,228,20170305,1315,7,FM-15,    ,1,0.8,9,5,99,999.9,9,9,99,999.9,9,9,99,999.9,9,9
HALF MOON BAY AIRPORT         ,720646,228,20170305,1335,7,FM-15,    ,1,0.8,9,5,99,999.9,9,9,99,999.9,9,9,99,999.9,9,9
HALF MOON BAY AIRPORT         ,720646,228,20170305,1355,7,FM-15,    ,1,0.8,9,5,99,999.9,9,9,99,999.9,9,9,99,999.9,9,9
HALF MOON BAY AIRPORT         ,720646,228,20170305,1515,7,FM-15,    ,1,0.3,9,5,99,999.9,9,9,99,999.9,9,9,99,999.9,9,9
HALF MOON BAY AIRPORT         ,720646,228,20170305,1535,7,FM-15,    ,1,0.3,9,5,99,999.9,9,9,99,999.9,9,9,99,999.9,9,9
HALF MOON BAY AIRPORT         ,720646,228,20170305,1555,7,FM-15,    ,1,0.3,9,5,99,999.9,9,9,99,999.9,9,9,99,999.9,9,9
HALF MOON BAY AIRPORT         ,720646,228,20170306,835,7,FM-15,    ,1,0.8,9,5,99,999.9,9,9,99,999.9,9,9,99,999.9,9,9
HALF MOON BAY AIRPORT         ,720646,228,20170306,855,7,FM-15,    ,1,0.8,9,5,99,999.9,9,9,99,999.9,9,9,99,999.9,9,9
HALF MOON BAY AIRPORT         ,720646,228,20170306,1015,7,FM-15,    ,1,0.5,9,5,99,999.9,9,9,99,999.9,9,9,99,999.9,9,9
HALF MOON BAY AIRPORT         ,720646,228,20170306,1035,7,FM-15,    ,1,0.5,9,5,99,999.9,9,9,99,999.9,9,9,99,999.9,9,9
HALF MOON BAY AIRPORT         ,720646,228,20170306,1055,7,FM-15,    ,1,0.5,9,5,99,999.9,9,9,99,999.9,9,9,99,999.9,9,9
HALF MOON BAY AIRPORT         ,720646,228,20170306,1215,7,FM-15,    ,1,0.3,9,5,99,999.9,9,9,99,999.9,9,9,99,999.9,9,9
HALF MOON BAY AIRPORT         ,720646,228,20170306,1235,7,FM-15,    ,1,0.3,9,5,99,999.9,9,9,99,999.9,9,9,99,999.9,9,9
HALF MOON BAY AIRPORT         ,720646,228,20170306,1255,7,FM-15,    ,1,0.3,9,5,99,999.9,9,9,99,999.9,9,9,99,999.9,9,9
HALF MOON BAY AIRPORT         ,720646,228,20170306,1415,7,FM-15,    ,1,0.3,9,5,99,999.9,9,9,99,999.9,9,9,99,999.9,9,9
HALF MOON BAY AIRPORT         ,720646,228,20170306,1435,7,FM-15,    ,1,0.5,9,5,99,999.9,9,9,99,999.9,9,9,99,999.9,9,9
HALF MOON BAY AIRPORT         ,720646,228,20170306,1455,7,FM-15,    ,1,0.8,9,5,99,999.9,9,9,99,999.9,9,9,99,999.9,9,9
HALF MOON BAY AIRPORT         ,720646,228,20170306,1515,7,FM-15,    ,1,0.3,9,5,99,999.9,9,9,99,999.9,9,9,99,999.9,9,9
HALF MOON BAY AIRPORT         ,720646,228,20170306,1535,7,FM-15,    ,1,0.5,9,5,99,999.9,9,9,99,999.9,9,9,99,999.9,9,9
HALF MOON BAY AIRPORT         ,720646,228,20170306,1555,7,FM-15,    ,1,0.5,9,5,99,999.9,9,9,99,999.9,9,9,99,999.9,9,9
HALF MOON BAY AIRPORT         ,720646,228,20170306,1955,7,FM-15,    ,1,0.3,9,5,99,999.9,9,9,99,999.9,9,9,99,999.9,9,9
HALF MOON BAY AIRPORT         ,720646,228,20170320,2355,7,FM-15,    ,1,0.3,9,5,99,999.9,9,9,99,999.9,9,9,99,999.9,9,9
HALF MOON BAY AIRPORT         ,720646,228,20170321,215,7,FM-15,    ,1,0.3,9,5,99,999.9,9,9,99,999.9,9,9,99,999.9,9,9
HALF MOON BAY AIRPORT         ,720646,228,20170321,235,7,FM-15,    ,1,0.3,9,5,99,999.9,9,9,99,999.9,9,9,99,999.9,9,9
HALF MOON BAY AIRPORT         ,720646,228,20170321,255,7,FM-15,    ,1,0.3,9,5,99,999.9,9,9,99,999.9,9,9,99,999.9,9,9
HALF MOON BAY AIRPORT         ,720646,228,20170321,315,7,FM-15,    ,1,0.3,9,5,99,999.9,9,9,99,999.9,9,9,99,999.9,9,9
HALF MOON BAY AIRPORT         ,720646,228,20170321,335,7,FM-15,    ,1,1.3,9,5,99,999.9,9,9,99,999.9,9,9,99,999.9,9,9
HALF MOON BAY AIRPORT         ,720646,228,20170321,355,7,FM-15,    ,1,5.1,9,5,99,999.9,9,9,99,999.9,9,9,99,999.9,9,9
HALF MOON BAY AIRPORT         ,720646,228,20170321,435,7,FM-15,    ,1,2,9,5,99,999.9,9,9,99,999.9,9,9,99,999.9,9,9
HALF MOON BAY AIRPORT         ,720646,228,20170321,455,7,FM-15,    ,1,4.3,9,5,99,999.9,9,9,99,999.9,9,9,99,999.9,9,9
HALF MOON BAY AIRPORT         ,720646,228,20170321,515,7,FM-15,    ,1,0.8,9,5,99,999.9,9,9,99,999.9,9,9,99,999.9,9,9
HALF MOON BAY AIRPORT         ,720646,228,20170321,535,7,FM-15,    ,1,2.3,9,5,99,999.9,9,9,99,999.9,9,9,99,999.9,9,9
HALF MOON BAY AIRPORT         ,720646,228,20170321,555,7,FM-15,    ,1,3.6,9,5,99,999.9,9,9,99,999.9,9,9,99,999.9,9,9
HALF MOON BAY AIRPORT         ,720646,228,20170321,615,7,FM-15,    ,1,0.8,9,5,99,999.9,9,9,99,999.9,9,9,99,999.9,9,9
HALF MOON BAY AIRPORT         ,720646,228,20170321,635,7,FM-15,    ,1,1,9,5,99,999.9,9,9,99,999.9,9,9,99,999.9,9,9
HALF MOON BAY AIRPORT         ,720646,228,20170321,655,7,FM-15,    ,1,1.8,9,5,99,999.9,9,9,99,999.9,9,9,99,999.9,9,9
HALF MOON BAY AIRPORT         ,720646,228,20170321,715,7,FM-15,    ,1,0.3,9,5,99,999.9,9,9,99,999.9,9,9,99,999.9,9,9
HALF MOON BAY AIRPORT         ,720646,228,20170321,735,7,FM-15,    ,1,0.3,9,5,99,999.9,9,9,99,999.9,9,9,99,999.9,9,9
HALF MOON BAY AIRPORT         ,720646,228,20170321,755,7,FM-15,    ,1,0.3,9,5,99,999.9,9,9,99,999.9,9,9,99,999.9,9,9
HALF MOON BAY AIRPORT         ,720646,228,20170321,1135,7,FM-15,    ,1,0.3,9,5,99,999.9,9,9,99,999.9,9,9,99,999.9,9,9
HALF MOON BAY AIRPORT         ,720646,228,20170321,1155,7,FM-15,    ,1,0.3,9,5,99,999.9,9,9,99,999.9,9,9,99,999.9,9,9
HALF MOON BAY AIRPORT         ,720646,228,20170321,1255,7,FM-15,    ,1,0.3,9,5,99,999.9,9,9,99,999.9,9,9,99,999.9,9,9
HALF MOON BAY AIRPORT         ,720646,228,20170321,1315,7,FM-15,    ,1,0.3,9,5,99,999.9,9,9,99,999.9,9,9,99,999.9,9,9
HALF MOON BAY AIRPORT         ,720646,228,20170321,1335,7,FM-15,    ,1,2,9,5,99,999.9,9,9,99,999.9,9,9,99,999.9,9,9
HALF MOON BAY AIRPORT         ,720646,228,20170321,1355,7,FM-15,    ,1,4.3,9,5,99,999.9,9,9,99,999.9,9,9,99,999.9,9,9
HALF MOON BAY AIRPORT         ,720646,228,20170321,1515,7,FM-15,    ,1,0.3,9,5,99,999.9,9,9,99,999.9,9,9,99,999.9,9,9
HALF MOON BAY AIRPORT         ,720646,228,20170321,1535,7,FM-15,    ,1,0.3,9,5,99,999.9,9,9,99,999.9,9,9,99,999.9,9,9
HALF MOON BAY AIRPORT         ,720646,228,20170321,1555,7,FM-15,    ,1,0.3,9,5,99,999.9,9,9,99,999.9,9,9,99,999.9,9,9
HALF MOON BAY AIRPORT         ,720646,228,20170322,835,7,FM-15,    ,1,2.8,9,5,99,999.9,9,9,99,999.9,9,9,99,999.9,9,9
HALF MOON BAY AIRPORT         ,720646,228,20170322,855,7,FM-15,    ,1,6.9,9,5,99,999.9,9,9,99,999.9,9,9,99,999.9,9,9
HALF MOON BAY AIRPORT         ,720646,228,20170322,915,7,FM-15,    ,1,0.3,9,5,99,999.9,9,9,99,999.9,9,9,99,999.9,9,9
HALF MOON BAY AIRPORT         ,720646,228,20170322,935,7,FM-15,    ,1,0.3,9,5,99,999.9,9,9,99,999.9,9,9,99,999.9,9,9
HALF MOON BAY AIRPORT         ,720646,228,20170322,955,7,FM-15,    ,1,0.3,9,5,99,999.9,9,9,99,999.9,9,9,99,999.9,9,9
HALF MOON BAY AIRPORT         ,720646,228,20170322,1335,7,FM-15,    ,1,0.5,9,5,99,999.9,9,9,99,999.9,9,9,99,999.9,9,9
HALF MOON BAY AIRPORT         ,720646,228,20170322,1355,7,FM-15,    ,1,0.5,9,5,99,999.9,9,9,99,999.9,9,9,99,999.9,9,9
HALF MOON BAY AIRPORT         ,720646,228,20170324,1215,7,FM-15,    ,1,0.3,9,5,99,999.9,9,9,99,999.9,9,9,99,999.9,9,9
HALF MOON BAY AIRPORT         ,720646,228,20170324,1235,7,FM-15,    ,1,0.5,9,5,99,999.9,9,9,99,999.9,9,9,99,999.9,9,9
HALF MOON BAY AIRPORT         ,720646,228,20170324,1255,7,FM-15,    ,1,0.5,9,5,99,999.9,9,9,99,999.9,9,9,99,999.9,9,9
HALF MOON BAY AIRPORT         ,720646,228,20170324,1315,7,FM-15,    ,1,0.3,9,5,99,999.9,9,9,99,999.9,9,9,99,999.9,9,9
HALF MOON BAY AIRPORT         ,720646,228,20170324,1335,7,FM-15,    ,1,0.3,9,5,99,999.9,9,9,99,999.9,9,9,99,999.9,9,9
HALF MOON BAY AIRPORT         ,720646,228,20170324,1355,7,FM-15,    ,1,0.3,9,5,99,999.9,9,9,99,999.9,9,9,99,999.9,9,9
HALF MOON BAY AIRPORT         ,720646,228,20170324,1555,7,FM-15,    ,1,0.5,9,5,99,999.9,9,9,99,999.9,9,9,99,999.9,9,9
HALF MOON BAY AIRPORT         ,720646,228,20170324,1615,7,FM-15,    ,1,0.3,9,5,99,999.9,9,9,99,999.9,9,9,99,999.9,9,9
HALF MOON BAY AIRPORT         ,720646,228,20170324,1635,7,FM-15,    ,1,1,9,5,99,999.9,9,9,99,999.9,9,9,99,999.9,9,9
HALF MOON BAY AIRPORT         ,720646,228,20170324,1655,7,FM-15,    ,1,1.5,9,5,99,999.9,9,9,99,999.9,9,9,99,999.9,9,9
HALF MOON BAY AIRPORT         ,720646,228,20170324,1715,7,FM-15,    ,1,1,9,5,99,999.9,9,9,99,999.9,9,9,99,999.9,9,9
HALF MOON BAY AIRPORT         ,720646,228,20170324,1735,7,FM-15,    ,1,1.8,9,5,99,999.9,9,9,99,999.9,9,9,99,999.9,9,9
HALF MOON BAY AIRPORT         ,720646,228,20170324,1755,7,FM-15,    ,1,3,9,5,99,999.9,9,9,99,999.9,9,9,99,999.9,9,9
HALF MOON BAY AIRPORT         ,720646,228,20170324,1815,7,FM-15,    ,1,0.8,9,5,99,999.9,9,9,99,999.9,9,9,99,999.9,9,9
HALF MOON BAY AIRPORT         ,720646,228,20170324,1835,7,FM-15,    ,1,1.5,9,5,99,999.9,9,9,99,999.9,9,9,99,999.9,9,9
HALF MOON BAY AIRPORT         ,720646,228,20170324,1855,7,FM-15,    ,1,2.5,9,5,99,999.9,9,9,99,999.9,9,9,99,999.9,9,9
HALF MOON BAY AIRPORT         ,720646,228,20170324,1915,7,FM-15,    ,1,0.8,9,5,99,999.9,9,9,99,999.9,9,9,99,999.9,9,9
HALF MOON BAY AIRPORT         ,720646,228,20170324,1935,7,FM-15,    ,1,1,9,5,99,999.9,9,9,99,999.9,9,9,99,999.9,9,9
HALF MOON BAY AIRPORT         ,720646,228,20170324,1955,7,FM-15,    ,1,1.5,9,5,99,999.9,9,9,99,999.9,9,9,99,999.9,9,9
HALF MOON BAY AIRPORT         ,720646,228,20170324,2015,7,FM-15,    ,1,0.3,9,5,99,999.9,9,9,99,999.9,9,9,99,999.9,9,9
HALF MOON BAY AIRPORT         ,720646,228,20170324,2035,7,FM-15,    ,1,1.3,9,5,99,999.9,9,9,99,999.9,9,9,99,999.9,9,9
HALF MOON BAY AIRPORT         ,720646,228,20170324,2055,7,FM-15,    ,1,1.5,9,5,99,999.9,9,9,99,999.9,9,9,99,999.9,9,9
HALF MOON BAY AIRPORT         ,720646,228,20170327,315,7,FM-15,    ,1,0.3,9,5,99,999.9,9,9,99,999.9,9,9,99,999.9,9,9
HALF MOON BAY AIRPORT         ,720646,228,20170327,335,7,FM-15,    ,1,1,9,5,99,999.9,9,9,99,999.9,9,9,99,999.9,9,9
HALF MOON BAY AIRPORT         ,720646,228,20170327,355,7,FM-15,    ,1,1.3,9,5,99,999.9,9,9,99,999.9,9,9,99,999.9,9,9
HALF MOON BAY AIRPORT         ,720646,228,20170330,1155,7,FM-15,    ,1,0.3,9,5,99,999.9,9,9,99,999.9,9,9,99,999.9,9,9
HALF MOON BAY AIRPORT         ,720646,228,20170407,35,7,FM-15,    ,1,0.3,9,5,99,999.9,9,9,99,999.9,9,9,99,999.9,9,9
HALF MOON BAY AIRPORT         ,720646,228,20170407,55,7,FM-15,    ,1,2.3,9,5,99,999.9,9,9,99,999.9,9,9,99,999.9,9,9
HALF MOON BAY AIRPORT         ,720646,228,20170407,115,7,FM-15,    ,1,2.3,9,5,99,999.9,9,9,99,999.9,9,9,99,999.9,9,9
HALF MOON BAY AIRPORT         ,720646,228,20170407,135,7,FM-15,    ,1,3.6,9,5,99,999.9,9,9,99,999.9,9,9,99,999.9,9,9
HALF MOON BAY AIRPORT         ,720646,228,20170407,155,7,FM-15,    ,1,4.1,9,5,99,999.9,9,9,99,999.9,9,9,99,999.9,9,9
HALF MOON BAY AIRPORT         ,720646,228,20170407,215,7,FM-15,    ,1,0.8,9,5,99,999.9,9,9,99,999.9,9,9,99,999.9,9,9
HALF MOON BAY AIRPORT         ,720646,228,20170407,235,7,FM-15,    ,1,1.8,9,5,99,999.9,9,9,99,999.9,9,9,99,999.9,9,9
HALF MOON BAY AIRPORT         ,720646,228,20170407,255,7,FM-15,    ,1,2.8,9,5,99,999.9,9,9,99,999.9,9,9,99,999.9,9,9
HALF MOON BAY AIRPORT         ,720646,228,20170407,315,7,FM-15,    ,1,0.3,9,5,99,999.9,9,9,99,999.9,9,9,99,999.9,9,9
HALF MOON BAY AIRPORT         ,720646,228,20170407,335,7,FM-15,    ,1,1.5,9,5,99,999.9,9,9,99,999.9,9,9,99,999.9,9,9
HALF MOON BAY AIRPORT         ,720646,228,20170407,355,7,FM-15,    ,1,4.6,9,5,99,999.9,9,9,99,999.9,9,9,99,999.9,9,9
HALF MOON BAY AIRPORT         ,720646,228,20170407,415,7,FM-15,    ,1,0.5,9,5,99,999.9,9,9,99,999.9,9,9,99,999.9,9,9
HALF MOON BAY AIRPORT         ,720646,228,20170407,435,7,FM-15,    ,1,1,9,5,99,999.9,9,9,99,999.9,9,9,99,999.9,9,9
HALF MOON BAY AIRPORT         ,720646,228,20170407,455,4,FM-15,    ,1,1.5,3,1,99,999.9,9,9,99,999.9,9,9,99,999.9,9,9
HALF MOON BAY AIRPORT         ,720646,228,20170407,515,4,FM-15,    ,1,0.2,3,1,99,999.9,9,9,99,999.9,9,9,99,999.9,9,9
HALF MOON BAY AIRPORT         ,720646,228,20170407,535,4,FM-15,    ,1,1,3,1,99,999.9,9,9,99,999.9,9,9,99,999.9,9,9
HALF MOON BAY AIRPORT         ,720646,228,20170407,555,4,FM-15,    ,1,3.3,3,1,99,999.9,9,9,99,999.9,9,9,99,999.9,9,9
HALF MOON BAY AIRPORT         ,720646,228,20170407,615,4,FM-15,    ,1,1.2,3,1,99,999.9,9,9,99,999.9,9,9,99,999.9,9,9
HALF MOON BAY AIRPORT         ,720646,228,20170407,635,4,FM-15,    ,1,3,3,1,99,999.9,9,9,99,999.9,9,9,99,999.9,9,9
HALF MOON BAY AIRPORT         ,720646,228,20170407,655,4,FM-15,    ,1,5.3,3,1,99,999.9,9,9,99,999.9,9,9,99,999.9,9,9
HALF MOON BAY AIRPORT         ,720646,228,20170407,715,4,FM-15,    ,1,2.2,3,1,99,999.9,9,9,99,999.9,9,9,99,999.9,9,9
HALF MOON BAY AIRPORT         ,720646,228,20170407,735,4,FM-15,    ,1,4.8,3,1,99,999.9,9,9,99,999.9,9,9,99,999.9,9,9
HALF MOON BAY AIRPORT         ,720646,228,20170407,755,7,FM-15,    ,1,5.6,9,5,99,999.9,9,9,99,999.9,9,9,99,999.9,9,9
HALF MOON BAY AIRPORT         ,720646,228,20170408,515,7,FM-15,    ,1,1,9,5,99,999.9,9,9,99,999.9,9,9,99,999.9,9,9
HALF MOON BAY AIRPORT         ,720646,228,20170408,535,7,FM-15,    ,1,7.9,9,5,99,999.9,9,9,99,999.9,9,9,99,999.9,9,9
HALF MOON BAY AIRPORT         ,720646,228,20170408,555,7,FM-15,    ,1,8.9,9,5,99,999.9,9,9,99,999.9,9,9,99,999.9,9,9
HALF MOON BAY AIRPORT         ,720646,228,20170408,615,7,FM-15,    ,1,0.3,9,5,99,999.9,9,9,99,999.9,9,9,99,999.9,9,9
HALF MOON BAY AIRPORT         ,720646,228,20170408,635,7,FM-15,    ,1,0.3,9,5,99,999.9,9,9,99,999.9,9,9,99,999.9,9,9
HALF MOON BAY AIRPORT         ,720646,228,20170408,655,7,FM-15,    ,1,0.3,9,5,99,999.9,9,9,99,999.9,9,9,99,999.9,9,9
HALF MOON BAY AIRPORT         ,720646,228,20170412,535,7,FM-15,    ,1,0.3,9,5,99,999.9,9,9,99,999.9,9,9,99,999.9,9,9
HALF MOON BAY AIRPORT         ,720646,228,20170412,555,7,FM-15,    ,1,0.5,9,5,99,999.9,9,9,99,999.9,9,9,99,999.9,9,9
HALF MOON BAY AIRPORT         ,720646,228,20170412,655,7,FM-15,    ,1,0.3,9,5,99,999.9,9,9,99,999.9,9,9,99,999.9,9,9
HALF MOON BAY AIRPORT         ,720646,228,20170412,715,7,FM-15,    ,1,0.3,9,5,99,999.9,9,9,99,999.9,9,9,99,999.9,9,9
HALF MOON BAY AIRPORT         ,720646,228,20170412,735,7,FM-15,    ,1,0.3,9,5,99,999.9,9,9,99,999.9,9,9,99,999.9,9,9
HALF MOON BAY AIRPORT         ,720646,228,20170412,755,7,FM-15,    ,1,0.3,9,5,99,999.9,9,9,99,999.9,9,9,99,999.9,9,9
HALF MOON BAY AIRPORT         ,720646,228,20170412,955,7,FM-15,    ,1,0.3,9,5,99,999.9,9,9,99,999.9,9,9,99,999.9,9,9
HALF MOON BAY AIRPORT         ,720646,228,20170412,1055,7,FM-15,    ,1,0.3,9,5,99,999.9,9,9,99,999.9,9,9,99,999.9,9,9
HALF MOON BAY AIRPORT         ,720646,228,20170412,1135,7,FM-15,    ,1,0.3,9,5,99,999.9,9,9,99,999.9,9,9,99,999.9,9,9
HALF MOON BAY AIRPORT         ,720646,228,20170412,1155,7,FM-15,    ,1,0.8,9,5,99,999.9,9,9,99,999.9,9,9,99,999.9,9,9
HALF MOON BAY AIRPORT         ,720646,228,20170412,1235,7,FM-15,    ,1,0.3,9,5,99,999.9,9,9,99,999.9,9,9,99,999.9,9,9
HALF MOON BAY AIRPORT         ,720646,228,20170412,1255,7,FM-15,    ,1,0.8,9,5,99,999.9,9,9,99,999.9,9,9,99,999.9,9,9
HALF MOON BAY AIRPORT         ,720646,228,20170412,1335,7,FM-15,    ,1,0.3,9,5,99,999.9,9,9,99,999.9,9,9,99,999.9,9,9
HALF MOON BAY AIRPORT         ,720646,228,20170412,1355,7,FM-15,    ,1,0.5,9,5,99,999.9,9,9,99,999.9,9,9,99,999.9,9,9
HALF MOON BAY AIRPORT         ,720646,228,20170412,1415,7,FM-15,    ,1,0.3,9,5,99,999.9,9,9,99,999.9,9,9,99,999.9,9,9
HALF MOON BAY AIRPORT         ,720646,228,20170412,1435,7,FM-15,    ,1,0.5,9,5,99,999.9,9,9,99,999.9,9,9,99,999.9,9,9
HALF MOON BAY AIRPORT         ,720646,228,20170412,1455,7,FM-15,    ,1,0.8,9,5,99,999.9,9,9,99,999.9,9,9,99,999.9,9,9
HALF MOON BAY AIRPORT         ,720646,228,20170412,1535,7,FM-15,    ,1,0.3,9,5,99,999.9,9,9,99,999.9,9,9,99,999.9,9,9
HALF MOON BAY AIRPORT         ,720646,228,20170412,1555,7,FM-15,    ,1,0.3,9,5,99,999.9,9,9,99,999.9,9,9,99,999.9,9,9
HALF MOON BAY AIRPORT         ,720646,228,20170413,455,7,FM-15,    ,1,0.3,9,5,99,999.9,9,9,99,999.9,9,9,99,999.9,9,9
HALF MOON BAY AIRPORT         ,720646,228,20170413,615,7,FM-15,    ,1,0.3,9,5,99,999.9,9,9,99,999.9,9,9,99,999.9,9,9
HALF MOON BAY AIRPORT         ,720646,228,20170413,635,7,FM-15,    ,1,0.3,9,5,99,999.9,9,9,99,999.9,9,9,99,999.9,9,9
HALF MOON BAY AIRPORT         ,720646,228,20170413,655,7,FM-15,    ,1,0.3,9,5,99,999.9,9,9,99,999.9,9,9,99,999.9,9,9
HALF MOON BAY AIRPORT         ,720646,228,20170413,1235,7,FM-15,    ,1,0.3,9,5,99,999.9,9,9,99,999.9,9,9,99,999.9,9,9
HALF MOON BAY AIRPORT         ,720646,228,20170413,1255,7,FM-15,    ,1,0.3,9,5,99,999.9,9,9,99,999.9,9,9,99,999.9,9,9
HALF MOON BAY AIRPORT         ,720646,228,20170413,1455,7,FM-15,    ,1,0.3,9,5,99,999.9,9,9,99,999.9,9,9,99,999.9,9,9
HALF MOON BAY AIRPORT         ,720646,228,20170413,2035,7,FM-15,    ,1,0.3,9,5,99,999.9,9,9,99,999.9,9,9,99,999.9,9,9
HALF MOON BAY AIRPORT         ,720646,228,20170413,2055,7,FM-15,    ,1,0.3,9,5,99,999.9,9,9,99,999.9,9,9,99,999.9,9,9
HALF MOON BAY AIRPORT         ,720646,228,20170416,1715,7,FM-15,    ,1,0.3,9,5,99,999.9,9,9,99,999.9,9,9,99,999.9,9,9
HALF MOON BAY AIRPORT         ,720646,228,20170416,1735,7,FM-15,    ,1,0.3,9,5,99,999.9,9,9,99,999.9,9,9,99,999.9,9,9
HALF MOON BAY AIRPORT         ,720646,228,20170416,1755,7,FM-15,    ,1,0.3,9,5,99,999.9,9,9,99,999.9,9,9,99,999.9,9,9
HALF MOON BAY AIRPORT         ,720646,228,20170416,1915,7,FM-15,    ,1,0.3,9,5,99,999.9,9,9,99,999.9,9,9,99,999.9,9,9
HALF MOON BAY AIRPORT         ,720646,228,20170416,1935,7,FM-15,    ,1,0.5,9,5,99,999.9,9,9,99,999.9,9,9,99,999.9,9,9
HALF MOON BAY AIRPORT         ,720646,228,20170416,1955,7,FM-15,    ,1,1,9,5,99,999.9,9,9,99,999.9,9,9,99,999.9,9,9
HALF MOON BAY AIRPORT         ,720646,228,20170416,2015,7,FM-15,    ,1,0.3,9,5,99,999.9,9,9,99,999.9,9,9,99,999.9,9,9
HALF MOON BAY AIRPORT         ,720646,228,20170416,2035,7,FM-15,    ,1,0.3,9,5,99,999.9,9,9,99,999.9,9,9,99,999.9,9,9
HALF MOON BAY AIRPORT         ,720646,228,20170416,2055,7,FM-15,    ,1,0.5,9,5,99,999.9,9,9,99,999.9,9,9,99,999.9,9,9
HALF MOON BAY AIRPORT         ,720646,228,20170416,2115,7,FM-15,    ,1,0.3,9,5,99,999.9,9,9,99,999.9,9,9,99,999.9,9,9
HALF MOON BAY AIRPORT         ,720646,228,20170416,2135,7,FM-15,    ,1,0.5,9,5,99,999.9,9,9,99,999.9,9,9,99,999.9,9,9
HALF MOON BAY AIRPORT         ,720646,228,20170416,2155,7,FM-15,    ,1,0.8,9,5,99,999.9,9,9,99,999.9,9,9,99,999.9,9,9
HALF MOON BAY AIRPORT         ,720646,228,20170420,735,4,FM-15,    ,1,3.8,3,1,99,999.9,9,9,99,999.9,9,9,99,999.9,9,9
HALF MOON BAY AIRPORT         ,720646,228,20170420,755,4,FM-15,    ,1,6.3,3,1,99,999.9,9,9,99,999.9,9,9,99,999.9,9,9
HALF MOON BAY AIRPORT         ,720646,228,20170420,815,4,FM-15,    ,1,0.2,3,1,99,999.9,9,9,99,999.9,9,9,99,999.9,9,9
HALF MOON BAY AIRPORT         ,720646,228,20170420,835,4,FM-15,    ,1,0.2,3,1,99,999.9,9,9,99,999.9,9,9,99,999.9,9,9
HALF MOON BAY AIRPORT         ,720646,228,20170420,855,4,FM-15,    ,1,0.2,3,1,99,999.9,9,9,99,999.9,9,9,99,999.9,9,9
HALF MOON BAY AIRPORT         ,720646,228,20170426,1355,7,FM-15,    ,1,0.3,9,5,99,999.9,9,9,99,999.9,9,9,99,999.9,9,9
HALF MOON BAY AIRPORT         ,720646,228,20170426,2055,7,FM-15,    ,1,0.3,9,5,99,999.9,9,9,99,999.9,9,9,99,999.9,9,9
HALF MOON BAY AIRPORT         ,720646,228,20170426,2155,7,FM-15,    ,1,0.3,9,5,99,999.9,9,9,99,999.9,9,9,99,999.9,9,9
HALF MOON BAY AIRPORT         ,720646,228,20170608,1635,7,FM-15,    ,1,0.5,9,5,99,999.9,9,9,99,999.9,9,9,99,999.9,9,9
HALF MOON BAY AIRPORT         ,720646,228,20170608,1655,7,FM-15,    ,1,0.8,9,5,99,999.9,9,9,99,999.9,9,9,99,999.9,9,9
HALF MOON BAY AIRPORT         ,720646,228,20170608,1715,7,FM-15,    ,1,0.3,9,5,99,999.9,9,9,99,999.9,9,9,99,999.9,9,9
HALF MOON BAY AIRPORT         ,720646,228,20170608,1735,7,FM-15,    ,1,0.3,9,5,99,999.9,9,9,99,999.9,9,9,99,999.9,9,9
HALF MOON BAY AIRPORT         ,720646,228,20170608,1755,7,FM-15,    ,1,0.3,9,5,99,999.9,9,9,99,999.9,9,9,99,999.9,9,9
HALF MOON BAY AIRPORT         ,720646,228,20170608,1815,7,FM-15,    ,1,0.5,9,5,99,999.9,9,9,99,999.9,9,9,99,999.9,9,9
HALF MOON BAY AIRPORT         ,720646,228,20170608,1835,7,FM-15,    ,1,1,9,5,99,999.9,9,9,99,999.9,9,9,99,999.9,9,9
HALF MOON BAY AIRPORT         ,720646,228,20170608,1855,7,FM-15,    ,1,1.3,9,5,99,999.9,9,9,99,999.9,9,9,99,999.9,9,9
HALF MOON BAY AIRPORT         ,720646,228,20170912,135,7,FM-15,    ,1,0.3,9,5,99,999.9,9,9,99,999.9,9,9,99,999.9,9,9
HALF MOON BAY AIRPORT         ,720646,228,20170912,155,7,FM-15,    ,1,1.8,9,5,99,999.9,9,9,99,999.9,9,9,99,999.9,9,9
HALF MOON BAY AIRPORT         ,720646,228,20170912,235,7,FM-15,    ,1,0.3,9,5,99,999.9,9,9,99,999.9,9,9,99,999.9,9,9
HALF MOON BAY AIRPORT         ,720646,228,20170912,255,7,FM-15,    ,1,0.3,9,5,99,999.9,9,9,99,999.9,9,9,99,999.9,9,9
HALF MOON BAY AIRPORT         ,720646,228,20170913,1415,7,FM-15,    ,1,0.3,9,5,99,999.9,9,9,99,999.9,9,9,99,999.9,9,9
HALF MOON BAY AIRPORT         ,720646,228,20170913,1435,7,FM-15,    ,1,0.3,9,5,99,999.9,9,9,99,999.9,9,9,99,999.9,9,9
HALF MOON BAY AIRPORT         ,720646,228,20170913,1455,7,FM-15,    ,1,0.3,9,5,99,999.9,9,9,99,999.9,9,9,99,999.9,9,9
HALF MOON BAY AIRPORT         ,720646,228,20171020,635,7,FM-15,    ,1,0.5,9,5,99,999.9,9,9,99,999.9,9,9,99,999.9,9,9
HALF MOON BAY AIRPORT         ,720646,228,20171020,655,7,FM-15,    ,1,1.3,9,5,99,999.9,9,9,99,999.9,9,9,99,999.9,9,9
HALF MOON BAY AIRPORT         ,720646,228,20171020,715,7,FM-15,    ,1,1.5,9,5,99,999.9,9,9,99,999.9,9,9,99,999.9,9,9
HALF MOON BAY AIRPORT         ,720646,228,20171020,735,7,FM-15,    ,1,2.5,9,5,99,999.9,9,9,99,999.9,9,9,99,999.9,9,9
HALF MOON BAY AIRPORT         ,720646,228,20171020,755,7,FM-15,    ,1,2.8,9,5,99,999.9,9,9,99,999.9,9,9,99,999.9,9,9
HALF MOON BAY AIRPORT         ,720646,228,20171020,835,7,FM-15,    ,1,0.3,9,5,99,999.9,9,9,99,999.9,9,9,99,999.9,9,9
HALF MOON BAY AIRPORT         ,720646,228,20171020,855,7,FM-15,    ,1,0.3,9,5,99,999.9,9,9,99,999.9,9,9,99,999.9,9,9
HALF MOON BAY AIRPORT         ,720646,228,20171031,1635,7,FM-15,    ,1,1.8,9,5,99,999.9,9,9,99,999.9,9,9,99,999.9,9,9
HALF MOON BAY AIRPORT         ,720646,228,20171031,1650,7,FM-15,    ,1,1.8,9,5,99,999.9,9,9,99,999.9,9,9,99,999.9,9,9
HALF MOON BAY AIRPORT         ,720646,228,20171103,935,7,FM-15,    ,1,0.3,9,5,99,999.9,9,9,99,999.9,9,9,99,999.9,9,9
HALF MOON BAY AIRPORT         ,720646,228,20171103,955,7,FM-15,    ,1,0.3,9,5,99,999.9,9,9,99,999.9,9,9,99,999.9,9,9
HALF MOON BAY AIRPORT         ,720646,228,20171104,1015,7,FM-15,    ,1,0.3,9,5,99,999.9,9,9,99,999.9,9,9,99,999.9,9,9
HALF MOON BAY AIRPORT         ,720646,228,20171104,1035,7,FM-15,    ,1,1.3,9,5,99,999.9,9,9,99,999.9,9,9,99,999.9,9,9
HALF MOON BAY AIRPORT         ,720646,228,20171104,1055,7,FM-15,    ,1,2.3,9,5,99,999.9,9,9,99,999.9,9,9,99,999.9,9,9
HALF MOON BAY AIRPORT         ,720646,228,20171104,1115,7,FM-15,    ,1,0.5,9,5,99,999.9,9,9,99,999.9,9,9,99,999.9,9,9
HALF MOON BAY AIRPORT         ,720646,228,20171104,1135,7,FM-15,    ,1,1.5,9,5,99,999.9,9,9,99,999.9,9,9,99,999.9,9,9
HALF MOON BAY AIRPORT         ,720646,228,20171104,1155,7,FM-15,    ,1,7.9,9,5,99,999.9,9,9,99,999.9,9,9,99,999.9,9,9
HALF MOON BAY AIRPORT         ,720646,228,20171104,1215,7,FM-15,    ,1,0.3,9,5,99,999.9,9,9,99,999.9,9,9,99,999.9,9,9
HALF MOON BAY AIRPORT         ,720646,228,20171104,1235,7,FM-15,    ,1,0.3,9,5,99,999.9,9,9,99,999.9,9,9,99,999.9,9,9
HALF MOON BAY AIRPORT         ,720646,228,20171104,1255,7,FM-15,    ,1,0.3,9,5,99,999.9,9,9,99,999.9,9,9,99,999.9,9,9
HALF MOON BAY AIRPORT         ,720646,228,20171109,415,7,FM-15,    ,1,0.3,9,5,99,999.9,9,9,99,999.9,9,9,99,999.9,9,9
HALF MOON BAY AIRPORT         ,720646,228,20171109,435,7,FM-15,    ,1,0.3,9,5,99,999.9,9,9,99,999.9,9,9,99,999.9,9,9
HALF MOON BAY AIRPORT         ,720646,228,20171109,455,7,FM-15,    ,1,0.3,9,5,99,999.9,9,9,99,999.9,9,9,99,999.9,9,9
HALF MOON BAY AIRPORT         ,720646,228,20171109,535,7,FM-15,    ,1,0.5,9,5,99,999.9,9,9,99,999.9,9,9,99,999.9,9,9
HALF MOON BAY AIRPORT         ,720646,228,20171109,555,7,FM-15,    ,1,1.3,9,5,99,999.9,9,9,99,999.9,9,9,99,999.9,9,9
HALF MOON BAY AIRPORT         ,720646,228,20171109,615,7,FM-15,    ,1,0.5,9,5,99,999.9,9,9,99,999.9,9,9,99,999.9,9,9
HALF MOON BAY AIRPORT         ,720646,228,20171109,635,7,FM-15,    ,1,0.8,9,5,99,999.9,9,9,99,999.9,9,9,99,999.9,9,9
HALF MOON BAY AIRPORT         ,720646,228,20171109,655,7,FM-15,    ,1,1.3,9,5,99,999.9,9,9,99,999.9,9,9,99,999.9,9,9
HALF MOON BAY AIRPORT         ,720646,228,20171109,715,7,FM-15,    ,1,0.5,9,5,99,999.9,9,9,99,999.9,9,9,99,999.9,9,9
HALF MOON BAY AIRPORT         ,720646,228,20171109,735,7,FM-15,    ,1,1.5,9,5,99,999.9,9,9,99,999.9,9,9,99,999.9,9,9
HALF MOON BAY AIRPORT         ,720646,228,20171109,755,7,FM-15,    ,1,2,9,5,99,999.9,9,9,99,999.9,9,9,99,999.9,9,9
HALF MOON BAY AIRPORT         ,720646,228,20171113,1135,7,FM-15,    ,1,0.3,9,5,99,999.9,9,9,99,999.9,9,9,99,999.9,9,9
HALF MOON BAY AIRPORT         ,720646,228,20171113,1155,7,FM-15,    ,1,0.3,9,5,99,999.9,9,9,99,999.9,9,9,99,999.9,9,9
HALF MOON BAY AIRPORT         ,720646,228,20171113,1255,7,FM-15,    ,1,0.3,9,5,99,999.9,9,9,99,999.9,9,9,99,999.9,9,9
HALF MOON BAY AIRPORT         ,720646,228,20171113,1335,7,FM-15,    ,1,0.3,9,5,99,999.9,9,9,99,999.9,9,9,99,999.9,9,9
HALF MOON BAY AIRPORT         ,720646,228,20171113,1355,7,FM-15,    ,1,0.3,9,5,99,999.9,9,9,99,999.9,9,9,99,999.9,9,9
HALF MOON BAY AIRPORT         ,720646,228,20171113,1400,4,FM-15,    ,1,0.2,3,1,99,999.9,9,9,99,999.9,9,9,99,999.9,9,9
HALF MOON BAY AIRPORT         ,720646,228,20171113,2235,7,FM-15,    ,1,0.5,9,5,99,999.9,9,9,99,999.9,9,9,99,999.9,9,9
HALF MOON BAY AIRPORT         ,720646,228,20171113,2250,7,FM-15,    ,1,0.5,9,5,99,999.9,9,9,99,999.9,9,9,99,999.9,9,9
HALF MOON BAY AIRPORT         ,720646,228,20171114,30,7,FM-15,    ,1,0.3,9,5,99,999.9,9,9,99,999.9,9,9,99,999.9,9,9
HALF MOON BAY AIRPORT         ,720646,228,20171114,50,7,FM-15,    ,1,0.3,9,5,99,999.9,9,9,99,999.9,9,9,99,999.9,9,9
HALF MOON BAY AIRPORT         ,720646,228,20171116,555,7,FM-15,    ,1,0.3,9,5,99,999.9,9,9,99,999.9,9,9,99,999.9,9,9
HALF MOON BAY AIRPORT         ,720646,228,20171116,735,7,FM-15,    ,1,0.8,9,5,99,999.9,9,9,99,999.9,9,9,99,999.9,9,9
HALF MOON BAY AIRPORT         ,720646,228,20171116,750,7,FM-15,    ,1,1.3,9,5,99,999.9,9,9,99,999.9,9,9,99,999.9,9,9
HALF MOON BAY AIRPORT         ,720646,228,20171116,835,7,FM-15,    ,1,0.5,9,5,99,999.9,9,9,99,999.9,9,9,99,999.9,9,9
HALF MOON BAY AIRPORT         ,720646,228,20171116,855,7,FM-15,    ,1,1.5,9,5,99,999.9,9,9,99,999.9,9,9,99,999.9,9,9
HALF MOON BAY AIRPORT         ,720646,228,20171116,915,7,FM-15,    ,1,1.3,9,5,99,999.9,9,9,99,999.9,9,9,99,999.9,9,9
HALF MOON BAY AIRPORT         ,720646,228,20171116,930,7,FM-15,    ,1,1.5,9,5,99,999.9,9,9,99,999.9,9,9,99,999.9,9,9
HALF MOON BAY AIRPORT         ,720646,228,20171116,955,7,FM-15,    ,1,2.3,9,5,99,999.9,9,9,99,999.9,9,9,99,999.9,9,9
HALF MOON BAY AIRPORT         ,720646,228,20171116,1015,7,FM-15,    ,1,1.3,9,5,99,999.9,9,9,99,999.9,9,9,99,999.9,9,9
HALF MOON BAY AIRPORT         ,720646,228,20171116,1035,7,FM-15,    ,1,5.3,9,5,99,999.9,9,9,99,999.9,9,9,99,999.9,9,9
HALF MOON BAY AIRPORT         ,720646,228,20171116,1055,7,FM-15,    ,1,5.8,9,5,99,999.9,9,9,99,999.9,9,9,99,999.9,9,9
HALF MOON BAY AIRPORT         ,720646,228,20171116,1110,7,FM-15,    ,1,0.5,9,5,99,999.9,9,9,99,999.9,9,9,99,999.9,9,9
HALF MOON BAY AIRPORT         ,720646,228,20171116,1135,7,FM-15,    ,1,1.5,9,5,99,999.9,9,9,99,999.9,9,9,99,999.9,9,9
HALF MOON BAY AIRPORT         ,720646,228,20171116,1155,7,FM-15,    ,1,2,9,5,99,999.9,9,9,99,999.9,9,9,99,999.9,9,9
HALF MOON BAY AIRPORT         ,720646,228,20171116,1215,7,FM-15,    ,1,0.3,9,5,99,999.9,9,9,99,999.9,9,9,99,999.9,9,9
HALF MOON BAY AIRPORT         ,720646,228,20171116,1235,7,FM-15,    ,1,0.8,9,5,99,999.9,9,9,99,999.9,9,9,99,999.9,9,9
HALF MOON BAY AIRPORT         ,720646,228,20171116,1250,7,FM-15,    ,1,1,9,5,99,999.9,9,9,99,999.9,9,9,99,999.9,9,9
HALF MOON BAY AIRPORT         ,720646,228,20171116,1315,7,FM-15,    ,1,1.3,9,5,99,999.9,9,9,99,999.9,9,9,99,999.9,9,9
HALF MOON BAY AIRPORT         ,720646,228,20171116,1335,7,FM-15,    ,1,2.5,9,5,99,999.9,9,9,99,999.9,9,9,99,999.9,9,9
HALF MOON BAY AIRPORT         ,720646,228,20171116,1355,7,FM-15,    ,1,4.3,9,5,99,999.9,9,9,99,999.9,9,9,99,999.9,9,9
HALF MOON BAY AIRPORT         ,720646,228,20171116,1415,7,FM-15,    ,1,0.5,9,5,99,999.9,9,9,99,999.9,9,9,99,999.9,9,9
HALF MOON BAY AIRPORT         ,720646,228,20171116,1430,7,FM-15,    ,1,1.5,9,5,99,999.9,9,9,99,999.9,9,9,99,999.9,9,9
HALF MOON BAY AIRPORT         ,720646,228,20171116,1455,7,FM-15,    ,1,2,9,5,99,999.9,9,9,99,999.9,9,9,99,999.9,9,9
HALF MOON BAY AIRPORT         ,720646,228,20171116,1535,7,FM-15,    ,1,0.3,9,5,99,999.9,9,9,99,999.9,9,9,99,999.9,9,9
HALF MOON BAY AIRPORT         ,720646,228,20171116,1555,7,FM-15,    ,1,0.5,9,5,99,999.9,9,9,99,999.9,9,9,99,999.9,9,9
HALF MOON BAY AIRPORT         ,720646,228,20171116,1610,7,FM-15,    ,1,0.3,9,5,99,999.9,9,9,99,999.9,9,9,99,999.9,9,9
HALF MOON BAY AIRPORT         ,720646,228,20171116,1635,7,FM-15,    ,1,0.8,9,5,99,999.9,9,9,99,999.9,9,9,99,999.9,9,9
HALF MOON BAY AIRPORT         ,720646,228,20171116,1655,7,FM-15,    ,1,1.5,9,5,99,999.9,9,9,99,999.9,9,9,99,999.9,9,9
HALF MOON BAY AIRPORT         ,720646,228,20171116,1715,7,FM-15,    ,1,0.3,9,5,99,999.9,9,9,99,999.9,9,9,99,999.9,9,9
HALF MOON BAY AIRPORT         ,720646,228,20171116,1735,7,FM-15,    ,1,0.5,9,5,99,999.9,9,9,99,999.9,9,9,99,999.9,9,9
HALF MOON BAY AIRPORT         ,720646,228,20171116,1750,7,FM-15,    ,1,0.8,9,5,99,999.9,9,9,99,999.9,9,9,99,999.9,9,9
HALF MOON BAY AIRPORT         ,720646,228,20171116,1815,7,FM-15,    ,1,0.8,9,5,99,999.9,9,9,99,999.9,9,9,99,999.9,9,9
HALF MOON BAY AIRPORT         ,720646,228,20171116,1835,7,FM-15,    ,1,1.8,9,5,99,999.9,9,9,99,999.9,9,9,99,999.9,9,9
HALF MOON BAY AIRPORT         ,720646,228,20171116,1855,7,FM-15,    ,1,2.3,9,5,99,999.9,9,9,99,999.9,9,9,99,999.9,9,9
HALF MOON BAY AIRPORT         ,720646,228,20171116,1915,7,FM-15,    ,1,0.5,9,5,99,999.9,9,9,99,999.9,9,9,99,999.9,9,9
HALF MOON BAY AIRPORT         ,720646,228,20171116,1930,7,FM-15,    ,1,1,9,5,99,999.9,9,9,99,999.9,9,9,99,999.9,9,9
HALF MOON BAY AIRPORT         ,720646,228,20171116,1955,7,FM-15,    ,1,1.8,9,5,99,999.9,9,9,99,999.9,9,9,99,999.9,9,9
HALF MOON BAY AIRPORT         ,720646,228,20171116,2015,7,FM-15,    ,1,0.5,9,5,99,999.9,9,9,99,999.9,9,9,99,999.9,9,9
HALF MOON BAY AIRPORT         ,720646,228,20171116,2035,7,FM-15,    ,1,1.3,9,5,99,999.9,9,9,99,999.9,9,9,99,999.9,9,9
HALF MOON BAY AIRPORT         ,720646,228,20171116,2055,7,FM-15,    ,1,1.8,9,5,99,999.9,9,9,99,999.9,9,9,99,999.9,9,9
HALF MOON BAY AIRPORT         ,720646,228,20171116,2110,7,FM-15,    ,1,0.5,9,5,99,999.9,9,9,99,999.9,9,9,99,999.9,9,9
HALF MOON BAY AIRPORT         ,720646,228,20171116,2135,7,FM-15,    ,1,1.8,9,5,99,999.9,9,9,99,999.9,9,9,99,999.9,9,9
HALF MOON BAY AIRPORT         ,720646,228,20171116,2155,7,FM-15,    ,1,2.5,9,5,99,999.9,9,9,99,999.9,9,9,99,999.9,9,9
HALF MOON BAY AIRPORT         ,720646,228,20171116,2215,7,FM-15,    ,1,0.5,9,5,99,999.9,9,9,99,999.9,9,9,99,999.9,9,9
HALF MOON BAY AIRPORT         ,720646,228,20171116,2235,7,FM-15,    ,1,1,9,5,99,999.9,9,9,99,999.9,9,9,99,999.9,9,9
HALF MOON BAY AIRPORT         ,720646,228,20171116,2250,7,FM-15,    ,1,1,9,5,99,999.9,9,9,99,999.9,9,9,99,999.9,9,9
HALF MOON BAY AIRPORT         ,720646,228,20171116,2315,7,FM-15,    ,1,0.3,9,5,99,999.9,9,9,99,999.9,9,9,99,999.9,9,9
HALF MOON BAY AIRPORT         ,720646,228,20171116,2335,7,FM-15,    ,1,0.3,9,5,99,999.9,9,9,99,999.9,9,9,99,999.9,9,9
HALF MOON BAY AIRPORT         ,720646,228,20171116,2355,7,FM-15,    ,1,0.3,9,5,99,999.9,9,9,99,999.9,9,9,99,999.9,9,9
HALF MOON BAY AIRPORT         ,720646,228,20171117,15,7,FM-15,    ,1,0.3,9,5,99,999.9,9,9,99,999.9,9,9,99,999.9,9,9
HALF MOON BAY AIRPORT         ,720646,228,20171117,30,7,FM-15,    ,1,0.5,9,5,99,999.9,9,9,99,999.9,9,9,99,999.9,9,9
HALF MOON BAY AIRPORT         ,720646,228,20171117,55,7,FM-15,    ,1,0.5,9,5,99,999.9,9,9,99,999.9,9,9,99,999.9,9,9
HALF MOON BAY AIRPORT         ,720646,228,20171117,615,7,FM-15,    ,1,0.3,9,5,99,999.9,9,9,99,999.9,9,9,99,999.9,9,9
HALF MOON BAY AIRPORT         ,720646,228,20171117,635,7,FM-15,    ,1,0.5,9,5,99,999.9,9,9,99,999.9,9,9,99,999.9,9,9
HALF MOON BAY AIRPORT         ,720646,228,20171117,655,7,FM-15,    ,1,0.8,9,5,99,999.9,9,9,99,999.9,9,9,99,999.9,9,9
HALF MOON BAY AIRPORT         ,720646,228,20171117,735,7,FM-15,    ,1,0.5,9,5,99,999.9,9,9,99,999.9,9,9,99,999.9,9,9
HALF MOON BAY AIRPORT         ,720646,228,20171117,755,7,FM-15,    ,1,1,9,5,99,999.9,9,9,99,999.9,9,9,99,999.9,9,9
HALF MOON BAY AIRPORT         ,720646,228,20171117,815,7,FM-15,    ,1,0.2,3,1,99,999.9,9,9,99,999.9,9,9,99,999.9,9,9
HALF MOON BAY AIRPORT         ,720646,228,20171117,835,7,FM-15,    ,1,0.5,9,5,99,999.9,9,9,99,999.9,9,9,99,999.9,9,9
HALF MOON BAY AIRPORT         ,720646,228,20171117,850,7,FM-15,    ,1,0.5,9,5,99,999.9,9,9,99,999.9,9,9,99,999.9,9,9
HALF MOON BAY AIRPORT         ,720646,228,20171126,1715,6,FM-15,    ,1,0.3,9,5,99,999.9,9,9,99,999.9,9,9,99,999.9,9,9
HALF MOON BAY AIRPORT         ,720646,228,20171126,1735,6,FM-15,    ,1,0.5,9,5,99,999.9,9,9,99,999.9,9,9,99,999.9,9,9
HALF MOON BAY AIRPORT         ,720646,228,20171126,1755,6,FM-15,    ,1,0.5,9,5,99,999.9,9,9,99,999.9,9,9,99,999.9,9,9
HALF MOON BAY AIRPORT         ,720646,228,20171126,1855,7,FM-15,    ,1,1,9,5,99,999.9,9,9,99,999.9,9,9,99,999.9,9,9
HALF MOON BAY AIRPORT         ,720646,228,20171126,1915,7,FM-15,    ,1,0.3,9,5,99,999.9,9,9,99,999.9,9,9,99,999.9,9,9
HALF MOON BAY AIRPORT         ,720646,228,20171126,1935,7,FM-15,    ,1,0.5,9,5,99,999.9,9,9,99,999.9,9,9,99,999.9,9,9
HALF MOON BAY AIRPORT         ,720646,228,20171126,1955,7,FM-15,    ,1,0.5,9,5,99,999.9,9,9,99,999.9,9,9,99,999.9,9,9
HALF MOON BAY AIRPORT         ,720646,228,20171126,2035,7,FM-15,    ,1,0.3,9,5,99,999.9,9,9,99,999.9,9,9,99,999.9,9,9
HALF MOON BAY AIRPORT         ,720646,228,20171126,2055,7,FM-15,    ,1,0.3,9,5,99,999.9,9,9,99,999.9,9,9,99,999.9,9,9
HALF MOON BAY AIRPORT         ,720646,228,20171126,2115,7,FM-15,    ,1,0.3,9,5,99,999.9,9,9,99,999.9,9,9,99,999.9,9,9
HALF MOON BAY AIRPORT         ,720646,228,20171126,2135,7,FM-15,    ,1,0.3,9,5,99,999.9,9,9,99,999.9,9,9,99,999.9,9,9
HALF MOON BAY AIRPORT         ,720646,228,20171126,2155,7,FM-15,    ,1,0.8,9,5,99,999.9,9,9,99,999.9,9,9,99,999.9,9,9
HALF MOON BAY AIRPORT         ,720646,228,20171126,2235,7,FM-15,    ,1,0.3,9,5,99,999.9,9,9,99,999.9,9,9,99,999.9,9,9
HALF MOON BAY AIRPORT         ,720646,228,20171126,2255,7,FM-15,    ,1,0.5,9,5,99,999.9,9,9,99,999.9,9,9,99,999.9,9,9
HALF MOON BAY AIRPORT         ,720646,228,20171126,2315,7,FM-15,    ,1,0.3,9,5,99,999.9,9,9,99,999.9,9,9,99,999.9,9,9
HALF MOON BAY AIRPORT         ,720646,228,20171126,2335,7,FM-15,    ,1,0.3,9,5,99,999.9,9,9,99,999.9,9,9,99,999.9,9,9
HALF MOON BAY AIRPORT         ,720646,228,20171126,2355,7,FM-15,    ,1,0.3,9,5,99,999.9,9,9,99,999.9,9,9,99,999.9,9,9
HALF MOON BAY AIRPORT         ,720646,228,20171127,755,7,FM-15,    ,1,1.3,9,5,99,999.9,9,9,99,999.9,9,9,99,999.9,9,9
HALF MOON BAY AIRPORT         ,720646,228,20171127,835,7,FM-15,    ,1,0.5,9,5,99,999.9,9,9,99,999.9,9,9,99,999.9,9,9
HALF MOON BAY AIRPORT         ,720646,228,20171127,855,7,FM-15,    ,1,1,9,5,99,999.9,9,9,99,999.9,9,9,99,999.9,9,9
HALF MOON BAY AIRPORT         ,720646,228,20171127,1135,7,FM-15,    ,1,0.3,9,5,99,999.9,9,9,99,999.9,9,9,99,999.9,9,9
HALF MOON BAY AIRPORT         ,720646,228,20171127,1155,7,FM-15,    ,1,0.3,9,5,99,999.9,9,9,99,999.9,9,9,99,999.9,9,9
HALF MOON BAY AIRPORT         ,720646,228,20171127,1515,7,FM-15,    ,1,0.5,9,5,99,999.9,9,9,99,999.9,9,9,99,999.9,9,9
HALF MOON BAY AIRPORT         ,720646,228,20171127,1535,7,FM-15,    ,1,0.5,9,5,99,999.9,9,9,99,999.9,9,9,99,999.9,9,9
HALF MOON BAY AIRPORT         ,720646,228,20171127,1555,7,FM-15,    ,1,0.5,9,5,99,999.9,9,9,99,999.9,9,9,99,999.9,9,9
HALF MOON BAY AIRPORT         ,720646,228,20171203,735,7,FM-15,    ,1,0.8,9,5,99,999.9,9,9,99,999.9,9,9,99,999.9,9,9
HALF MOON BAY AIRPORT         ,720646,228,20171203,755,7,FM-15,    ,1,0.8,9,5,99,999.9,9,9,99,999.9,9,9,99,999.9,9,9
HALF MOON BAY AIRPORT         ,720646,228,20171220,1015,7,FM-15,    ,1,1,9,5,99,999.9,9,9,99,999.9,9,9,99,999.9,9,9
HALF MOON BAY AIRPORT         ,720646,228,20171220,1035,7,FM-15,    ,1,1.8,9,5,99,999.9,9,9,99,999.9,9,9,99,999.9,9,9
HALF MOON BAY AIRPORT         ,720646,228,20171220,1055,7,FM-15,    ,1,2.5,9,5,99,999.9,9,9,99,999.9,9,9,99,999.9,9,9
HALF MOON BAY AIRPORT         ,720646,228,20171220,1115,7,FM-15,    ,1,0.3,9,5,99,999.9,9,9,99,999.9,9,9,99,999.9,9,9
HALF MOON BAY AIRPORT         ,720646,228,20171220,1135,7,FM-15,    ,1,0.3,9,5,99,999.9,9,9,99,999.9,9,9,99,999.9,9,9
HALF MOON BAY AIRPORT         ,720646,228,20171220,1155,7,FM-15,    ,1,0.3,9,5,99,999.9,9,9,99,999.9,9,9,99,999.9,9,9
